"event_time","event_name","database_name","app_name","host_name","login_name","session_id","tran_id","duration_ms","rows_affected","statement"
"8/11/2026 11:11:27 AM","sql_batch_completed","RMS",".Net SqlClient Data Provider","DESKTOP-T5HTV1I","vsnet2020","58","0","19.734000","1","Select Def_Company_Code,user_id, login_name, full_name, password, status, access_level, Show_Cost, Skip_Item_Authorization, designation, email, phone_no, last_login_time, last_logout_time, added_date, lastmodifiedby, lastwritetimestamp,Check_User_Vendor from PI_Users where  login_name = 'ims' and Password = '1234' and Status = 'A'"
"8/11/2026 11:11:27 AM","sql_statement_completed","RMS",".Net SqlClient Data Provider","DESKTOP-T5HTV1I","vsnet2020","58","0","0.439000","1","Select Def_Company_Code,user_id, login_name, full_name, password, status, access_level, Show_Cost, Skip_Item_Authorization, designation, email, phone_no, last_login_time, last_logout_time, added_date, lastmodifiedby, lastwritetimestamp,Check_User_Vendor from PI_Users where  login_name = 'ims' and Password = '1234' and Status = 'A'"
"8/11/2026 11:11:27 AM","rpc_completed","RMS",".Net SqlClient Data Provider","DESKTOP-T5HTV1I","vsnet2020","58","0","0.339000","0","exec sp_reset_connection"
"8/11/2026 11:11:27 AM","sql_statement_completed","RMS",".Net SqlClient Data Provider","DESKTOP-T5HTV1I","vsnet2020","58","0","0.089000","0","Select * from rms.dbo.SY_Remote_Server Where Remote_Server='.\FUNGSENG'"
"8/11/2026 11:11:27 AM","sql_batch_completed","RMS",".Net SqlClient Data Provider","DESKTOP-T5HTV1I","vsnet2020","58","0","2.892000","0","Select * from rms.dbo.SY_Remote_Server Where Remote_Server='.\FUNGSENG'"
"8/11/2026 11:11:27 AM","rpc_completed","RMS",".Net SqlClient Data Provider","DESKTOP-T5HTV1I","vsnet2020","58","0","0.011000","0","exec sp_reset_connection"
"8/11/2026 11:11:27 AM","sql_batch_completed","RMS",".Net SqlClient Data Provider","DESKTOP-T5HTV1I","vsnet2020","58","0","6.383000","474","SELECT a.user_id, a.menu_id, a.access_right, b.status FROM PI_User_Permission a INNER JOIN PI_Users b ON (b.user_id = a.user_id  AND b.status = 'A' ) WHERE a.user_id = 1 AND Company_Code=1"
"8/11/2026 11:11:27 AM","sql_statement_completed","RMS",".Net SqlClient Data Provider","DESKTOP-T5HTV1I","vsnet2020","58","16777086","0.448000","474","SELECT a.user_id, a.menu_id, a.access_right, b.status FROM PI_User_Permission a INNER JOIN PI_Users b ON (b.user_id = a.user_id  AND b.status = 'A' ) WHERE a.user_id = 1 AND Company_Code=1"
"8/11/2026 11:11:27 AM","rpc_completed","RMS",".Net SqlClient Data Provider","DESKTOP-T5HTV1I","vsnet2020","58","0","0.005000","0","exec sp_reset_connection"
"8/11/2026 11:11:27 AM","rpc_completed","RMS",".Net SqlClient Data Provider","DESKTOP-T5HTV1I","vsnet2020","58","0","0.002000","0","exec sp_reset_connection"
"8/11/2026 11:11:27 AM","sql_statement_completed","RMS",".Net SqlClient Data Provider","DESKTOP-T5HTV1I","vsnet2020","58","16777090","0.654000","1","Select Apps_Hosting_QR, EI_Company From SY_System"
"8/11/2026 11:11:27 AM","sql_batch_completed","RMS",".Net SqlClient Data Provider","DESKTOP-T5HTV1I","vsnet2020","58","0","6.865000","1","Select Apps_Hosting_QR, EI_Company From SY_System "
"8/11/2026 11:11:27 AM","sql_batch_completed","RMS",".Net SqlClient Data Provider","DESKTOP-T5HTV1I","vsnet2020","58","0","157.353000","1","SELECT a.*, s.Remote_Pull_Price_Nearest_Cent, s.Remote_Pull_Price_Rounding_Method, s.SI_Import_Item_Overwrite_By_PriceType, s.AD_Import_Item_Overwrite_By_PriceType, s.Import_Item_Rounding_Decimal, s.Import_Item_Unit_Price_Combine_Tax ,s.Check_Article_Integrity,s.Article_Integrity_Fields,SN_Ref1, SN_Ref2, SN_Ref3, SN_Ref4, SN_Ref5, SN_Ref_Date1, SN_Ref_Date2, SN_Ref_Date3, SN_Ref_Date4, SN_Ref_Date5, s.Remote_Pull_Doc_Code, s.Remote_Push_Doc_Code, s.Remote_Pull_Doc_Loc_Filter,s.Remote_Push_Doc_Loc_Filter, s.In_House_Barcode_No_CD, s.Allow_SN_Multi_In, s.Allow_SN_Reissue,s.Check_SN_Validity,s.Local_Location_Code,b.Description AS CityDesc,c.Description AS StateDesc,d.Description AS CountryDesc, f.rate, g.Full_Name AS ModifiedName, h.Full_Name AS AddedName, i.Company_Name AS AccCompanyName, i.Check_Level1, i.Check_Level2, i.Check_Level3, i.Check_Level4, i.Check_Level5, area.Description as AreaDesc, zone.Description as ZoneDesc, i.Ledger_Length1, i.Ledger_Length2, i.Ledger_Length3, i.Ledger_Length4, i.Ledger_Length5, grp.Name as GroupDesc, pr.Post_Method as Pr_Post_Method, mp.Post_Method as MP_Post_Method, s.Post_Method as AD_Post_Method, DT_Database_Fr,DT_Database_To, DT_Sales_Date_Fr, DT_Sales_Date_To, DT_Enable_Delete, DT_Interval, GetDate() as Current_Server_Date, e.Description AS LocalBranchName, i.AR_Ref1_Text_Compulsory,i.AR_Ref2_Text_Compulsory,AR_Ref3_Text_Compulsory,AR_Ref4_Text_Compulsory, i.AR_Ref1_Text_No_Duplicate,i.AR_Ref2_Text_No_Duplicate,AR_Ref3_Text_No_Duplicate,AR_Ref4_Text_No_Duplicate, i.AP_Ref1_Text_Compulsory,i.AP_Ref2_Text_Compulsory,AP_Ref3_Text_Compulsory,AP_Ref4_Text_Compulsory, i.AP_Ref1_Text_No_Duplicate,i.AP_Ref2_Text_No_Duplicate,AP_Ref3_Text_No_Duplicate,AP_Ref4_Text_No_Duplicate ,Web_PriceType1,Web_PriceType2,Web_PriceType3,Web_PriceType4,Web_PriceType5, s.WS_Barcode_18_Digit ,Custom_Field1,Custom_Field2,Custom_Field3,Custom_Field4,Custom_Field5,Custom_Field6,Custom_Field7,Custom_Field8,Custom_Field9,Custom_Field10 ,Def_Template_In_Promo_Item, Def_Template_Ms_Promo_Item FROM PI_Company a LEFT OUTER JOIN SY_Group grp ON (grp.[Group] = a.[Group]) Left Outer Join PI_City b ON (a.City=b.City) Left Outer Join PI_State c ON (a.State=c.State) Left Outer Join PI_Country d ON (a.Country=d.Country ) LEFT OUTER JOIN PI_Currency AS f ON (f.currency = a.currency_type AND f.Company_Code=a.Company_Code) LEFT OUTER JOIN PI_Area AS area ON (area.Area = a.Area AND area.Company_Code=a.Company_Code) LEFT OUTER JOIN PI_Zone AS zone ON (zone.Zone = a.Zone AND zone.Company_Code=a.Company_Code) LEFT OUTER JOIN PI_Users AS g ON (g.User_ID = a.LastModifiedBy) LEFT OUTER JOIN PI_Users AS h ON (h.User_ID = a.Added_By) LEFT OUTER JOIN Pr_Setup AS pr ON (pr.Company_Code = a.Company_Code) LEFT OUTER JOIN MP_Setup AS mp ON (mp.Company_Code = a.Company_Code) LEFT OUTER JOIN IN_Stock_Setup AS s ON (s.Company_Code = a.Company_Code) LEFT OUTER JOIN [Acc].[dbo].[Sy_Company] AS i ON (i.Company_Code = a.Acc_Company_Code) LEFT OUTER JOIN MS_Branch AS e ON (e.Branch = a.Local_Branch)  Where a.Company_Code = 1"
"8/11/2026 11:11:27 AM","sql_statement_completed","RMS",".Net SqlClient Data Provider","DESKTOP-T5HTV1I","vsnet2020","58","16777313","6.338000","1","SELECT a.*, s.Remote_Pull_Price_Nearest_Cent, s.Remote_Pull_Price_Rounding_Method, s.SI_Import_Item_Overwrite_By_PriceType, s.AD_Import_Item_Overwrite_By_PriceType, s.Import_Item_Rounding_Decimal, s.Import_Item_Unit_Price_Combine_Tax ,s.Check_Article_Integrity,s.Article_Integrity_Fields,SN_Ref1, SN_Ref2, SN_Ref3, SN_Ref4, SN_Ref5, SN_Ref_Date1, SN_Ref_Date2, SN_Ref_Date3, SN_Ref_Date4, SN_Ref_Date5, s.Remote_Pull_Doc_Code, s.Remote_Push_Doc_Code, s.Remote_Pull_Doc_Loc_Filter,s.Remote_Push_Doc_Loc_Filter, s.In_House_Barcode_No_CD, s.Allow_SN_Multi_In, s.Allow_SN_Reissue,s.Check_SN_Validity,s.Local_Location_Code,b.Description AS CityDesc,c.Description AS StateDesc,d.Description AS CountryDesc, f.rate, g.Full_Name AS ModifiedName, h.Full_Name AS AddedName, i.Company_Name AS AccCompanyName, i.Check_Level1, i.Check_Level2, i.Check_Level3, i.Check_Level4, i.Check_Level5, area.Description as AreaDesc, zone.Description as ZoneDesc, i.Ledger_Length1, i.Ledger_Length2, i.Ledger_Length3, i.Ledger_Length4, i.Ledger_Length5, grp.Name as GroupDesc, pr.Post_Method as Pr_Post_Method, mp.Post_Method as MP_Post_Method, s.Post_Method as AD_Post_Method, DT_Database_Fr,DT_Database_To, DT_Sales_Date_Fr, DT_Sales_Date_To, DT_Enable_Delete, DT_Interval, GetDate() as Current_Server_Date, e.Description AS LocalBranchName, i.AR_Ref1_Text_Compulsory,i.AR_Ref2_Text_Compulsory,AR_Ref3_Text_Compulsory,AR_Ref4_Text_Compulsory, i.AR_Ref1_Text_No_Duplicate,i.AR_Ref2_Text_No_Duplicate,AR_Ref3_Text_No_Duplicate,AR_Ref4_Text_No_Duplicate, i.AP_Ref1_Text_Compulsory,i.AP_Ref2_Text_Compulsory,AP_Ref3_Text_Compulsory,AP_Ref4_Text_Compulsory, i.AP_Ref1_Text_No_Duplicate,i.AP_Ref2_Text_No_Duplicate,AP_Ref3_Text_No_Duplicate,AP_Ref4_Text_No_Duplicate ,Web_PriceType1,Web_PriceType2,Web_PriceType3,Web_PriceType4,Web_PriceType5, s.WS_Barcode_18_Digit ,Custom_Field1,Custom_Field2,Custom_Field3,Custom_Field4,Custom_Field5,Custom_Field6,Custom_Field7,Custom_Field8,Custom_Field9,Custom_Field10 ,Def_Template_In_Promo_Item, Def_Template_Ms_Promo_Item FROM PI_Company a LEFT OUTER JOIN SY_Group grp ON (grp.[Group] = a.[Group]) Left Outer Join PI_City b ON (a.City=b.City) Left Outer Join PI_State c ON (a.State=c.State) Left Outer Join PI_Country d ON (a.Country=d.Country ) LEFT OUTER JOIN PI_Currency AS f ON (f.currency = a.currency_type AND f.Company_Code=a.Company_Code) LEFT OUTER JOIN PI_Area AS area ON (area.Area = a.Area AND area.Company_Code=a.Company_Code) LEFT OUTER JOIN PI_Zone AS zone ON (zone.Zone = a.Zone AND zone.Company_Code=a.Company_Code) LEFT OUTER JOIN PI_Users AS g ON (g.User_ID = a.LastModifiedBy) LEFT OUTER JOIN PI_Users AS h ON (h.User_ID = a.Added_By) LEFT OUTER JOIN Pr_Setup AS pr ON (pr.Company_Code = a.Company_Code) LEFT OUTER JOIN MP_Setup AS mp ON (mp.Company_Code = a.Company_Code) LEFT OUTER JOIN IN_Stock_Setup AS s ON (s.Company_Code = a.Company_Code) LEFT OUTER JOIN [Acc].[dbo].[Sy_Company] AS i ON (i.Company_Code = a.Acc_Company_Code) LEFT OUTER JOIN MS_Branch AS e ON (e.Branch = a.Local_Branch)  Where a.Company_Code = 1"
"8/11/2026 11:11:27 AM","sql_statement_completed","RMS",".Net SqlClient Data Provider","DESKTOP-T5HTV1I","vsnet2020","60","0","0.306000","1","Select Counter_No From RMS.dbo.PI_Counter Where Company_Code=0 AND Counter_Name='CUSTOMER2_ID'"
"8/11/2026 11:11:27 AM","sql_batch_completed","RMS",".Net SqlClient Data Provider","DESKTOP-T5HTV1I","vsnet2020","60","0","2.266000","1","Select Counter_No From RMS.dbo.PI_Counter Where Company_Code=0 AND Counter_Name='CUSTOMER2_ID'"
"8/11/2026 11:11:27 AM","rpc_completed","RMS",".Net SqlClient Data Provider","DESKTOP-T5HTV1I","vsnet2020","58","0","0.019000","0","exec sp_reset_connection"
"8/11/2026 11:11:27 AM","sql_batch_completed","RMS",".Net SqlClient Data Provider","DESKTOP-T5HTV1I","vsnet2020","58","0","10.960000","1","Select Location_Code, ISNULL(DocRunningFollowLocationCode,'') as DocRunningFollowLocationCode , ISNULL(DocRunningFollowLocationCodeAD,'') as DocRunningFollowLocationCodeAD from PI_Company_Location where company_Code=1"
"8/11/2026 11:11:27 AM","sql_statement_completed","RMS",".Net SqlClient Data Provider","DESKTOP-T5HTV1I","vsnet2020","58","16777330","0.402000","1","Select Location_Code, ISNULL(DocRunningFollowLocationCode,'') as DocRunningFollowLocationCode , ISNULL(DocRunningFollowLocationCodeAD,'') as DocRunningFollowLocationCodeAD from PI_Company_Location where company_Code=1"
"8/11/2026 11:11:27 AM","rpc_completed","RMS",".Net SqlClient Data Provider","DESKTOP-T5HTV1I","vsnet2020","58","0","0.012000","0","exec sp_reset_connection"
"8/11/2026 11:11:27 AM","sql_statement_completed","RMS",".Net SqlClient Data Provider","DESKTOP-T5HTV1I","vsnet2020","58","0","0.630000","19","Select Code,Description,Rate From SY_Purchase_GST_Code Where Status='A' Order by Ordering"
"8/11/2026 11:11:27 AM","sql_batch_completed","RMS",".Net SqlClient Data Provider","DESKTOP-T5HTV1I","vsnet2020","58","0","4.645000","19","Select Code,Description,Rate From SY_Purchase_GST_Code Where Status='A' Order by Ordering"
"8/11/2026 11:11:27 AM","rpc_completed","RMS",".Net SqlClient Data Provider","DESKTOP-T5HTV1I","vsnet2020","58","0","0.010000","0","exec sp_reset_connection"
"8/11/2026 11:11:27 AM","sql_batch_completed","RMS",".Net SqlClient Data Provider","DESKTOP-T5HTV1I","vsnet2020","58","0","3.518000","17","Select Code,Description,Rate From SY_Supply_GST_Code Where Status='A' Order by Ordering"
"8/11/2026 11:11:27 AM","sql_statement_completed","RMS",".Net SqlClient Data Provider","DESKTOP-T5HTV1I","vsnet2020","58","0","0.504000","17","Select Code,Description,Rate From SY_Supply_GST_Code Where Status='A' Order by Ordering"
"8/11/2026 11:11:27 AM","sql_statement_completed","RMS",".Net SqlClient Data Provider","DESKTOP-T5HTV1I","vsnet2020","58","16777352","0.025000","1","Select ISNULL(cnVMS,'') From SY_System"
"8/11/2026 11:11:27 AM","sql_batch_completed","RMS",".Net SqlClient Data Provider","DESKTOP-T5HTV1I","vsnet2020","58","0","0.252000","1","Select ISNULL(cnVMS,'') From SY_System "
"8/11/2026 11:11:27 AM","rpc_completed","RMS",".Net SqlClient Data Provider","DESKTOP-T5HTV1I","vsnet2020","58","0","0.004000","0","exec sp_reset_connection"
"8/11/2026 11:11:27 AM","rpc_completed","RMS",".Net SqlClient Data Provider","DESKTOP-T5HTV1I","vsnet2020","58","0","0.008000","0","exec sp_reset_connection"
"8/11/2026 11:11:27 AM","rpc_completed","RMS",".Net SqlClient Data Provider","DESKTOP-T5HTV1I","vsnet2020","58","0","0.003000","0","exec sp_reset_connection"
"8/11/2026 11:11:27 AM","sql_batch_completed","RMS",".Net SqlClient Data Provider","DESKTOP-T5HTV1I","vsnet2020","58","0","2.947000","5","Select a.* from RMS.dbo.IN_Stock_Setup_Plu a Where a.Status='True' And a.company_code=1"
"8/11/2026 11:11:27 AM","sql_statement_completed","RMS",".Net SqlClient Data Provider","DESKTOP-T5HTV1I","vsnet2020","58","0","0.945000","5","Select a.* from RMS.dbo.IN_Stock_Setup_Plu a Where a.Status='True' And a.company_code=1"
"8/11/2026 11:11:27 AM","sql_statement_completed","RMS",".Net SqlClient Data Provider","DESKTOP-T5HTV1I","vsnet2020","58","16777359","1.814000","1","Select Location_Code,Use_GST,Compulsory_GST, Name, ISNULL(Default_Doc_Printer_Path,'') as Default_Doc_Printer_Path, ISNULL(ACC_Entry_Ref_Setting,'') as ACC_Entry_Ref_Setting  ,* from PI_Company_Location where company_Code=1"
"8/11/2026 11:11:27 AM","sql_batch_completed","RMS",".Net SqlClient Data Provider","DESKTOP-T5HTV1I","vsnet2020","58","0","4.400000","1","Select Location_Code,Use_GST,Compulsory_GST, Name, ISNULL(Default_Doc_Printer_Path,'') as Default_Doc_Printer_Path, ISNULL(ACC_Entry_Ref_Setting,'') as ACC_Entry_Ref_Setting  ,* from PI_Company_Location where company_Code=1"
"8/11/2026 11:11:27 AM","rpc_completed","RMS",".Net SqlClient Data Provider","DESKTOP-T5HTV1I","vsnet2020","58","0","0.003000","0","exec sp_reset_connection"
"8/11/2026 11:11:27 AM","rpc_completed","RMS",".Net SqlClient Data Provider","DESKTOP-T5HTV1I","vsnet2020","58","0","0.006000","0","exec sp_reset_connection"
"8/11/2026 11:11:27 AM","sql_batch_completed","RMS",".Net SqlClient Data Provider","DESKTOP-T5HTV1I","vsnet2020","58","0","0.223000","1","Select ISNULL(cnCTL,'') From SY_System "
"8/11/2026 11:11:27 AM","sql_statement_completed","RMS",".Net SqlClient Data Provider","DESKTOP-T5HTV1I","vsnet2020","58","16777361","0.021000","1","Select ISNULL(cnCTL,'') From SY_System"
"8/11/2026 11:11:27 AM","sql_statement_completed","RMS",".Net SqlClient Data Provider","DESKTOP-T5HTV1I","vsnet2020","58","0","0.265000","0","Select Price_Type from PI_Company_Location Where company_code=1 and location_Code=''"
"8/11/2026 11:11:27 AM","sql_batch_completed","RMS",".Net SqlClient Data Provider","DESKTOP-T5HTV1I","vsnet2020","58","0","1.844000","0","Select Price_Type from PI_Company_Location Where company_code=1 and location_Code=''"
"8/11/2026 11:11:27 AM","rpc_completed","RMS",".Net SqlClient Data Provider","DESKTOP-T5HTV1I","vsnet2020","58","0","0.008000","0","exec sp_reset_connection"
"8/11/2026 11:11:27 AM","sql_batch_completed","RMS",".Net SqlClient Data Provider","DESKTOP-T5HTV1I","vsnet2020","58","0","63.475000","1","SELECT a.Use_PTS,a.Location_Code,a.Update_Batch_Expiry,a.Update_Serial_No,a.Update_Qty_On_Sales,a.Location_Code,a.Use_Instalment,a.Instalment_Ref1,a.Instalment_Ref2, a.Member_Lookup_Get_Last,a.Tax_Rate FROM POS.dbo.SY_Company a "
"8/11/2026 11:11:27 AM","sql_statement_completed","RMS",".Net SqlClient Data Provider","DESKTOP-T5HTV1I","vsnet2020","58","16777403","0.223000","1","SELECT a.Use_PTS,a.Location_Code,a.Update_Batch_Expiry,a.Update_Serial_No,a.Update_Qty_On_Sales,a.Location_Code,a.Use_Instalment,a.Instalment_Ref1,a.Instalment_Ref2, a.Member_Lookup_Get_Last,a.Tax_Rate FROM POS.dbo.SY_Company a"
"8/11/2026 11:11:27 AM","rpc_completed","RMS",".Net SqlClient Data Provider","DESKTOP-T5HTV1I","vsnet2020","58","0","0.006000","0","exec sp_reset_connection"
"8/11/2026 11:11:27 AM","sql_statement_completed","RMS",".Net SqlClient Data Provider","DESKTOP-T5HTV1I","vsnet2020","58","16777457","0.708000","1","Select a.*, b.Full_Name As DefaultPrApprName, c.Full_Name As DefaultMpApprName, d.Full_Name AS DefaultQtyAdjApprName, e.Full_Name AS DefaultCostAdjApprName, f.Full_Name AS DefaultIrApprName, b2.Full_Name AS DefaultPrApprName2, c2.Full_Name AS DefaultMpApprName2,  d2.Full_Name AS DefaultQtyAdjApprName2, f2.Full_Name AS DefaultIrApprName2, b3.Full_Name AS DefaultPrApprName3, c3.Full_Name AS DefaultMpApprName3,  d3.Full_Name AS DefaultQtyAdjApprName3, f3.Full_Name AS DefaultIrApprName3, b4.Full_Name AS DefaultPrApprName4, c4.Full_Name AS DefaultMpApprName4,  d4.Full_Name AS DefaultQtyAdjApprName4, f4.Full_Name AS DefaultIrApprName4, b5.Full_Name AS DefaultPrApprName5, c5.Full_Name AS DefaultMpApprName5,  d5.Full_Name AS DefaultQtyAdjApprName5, f5.Full_Name AS DefaultIrApprName5, b6.Full_Name AS DefaultPrApprName6, c6.Full_Name AS DefaultMpApprName6,  d6.Full_Name AS DefaultQtyAdjApprName6, f6.Full_Name AS DefaultIrApprName6, g.description AS BranchName  from PI_Users a Left Outer Join PI_Users b On (b.User_Id = a.Pr_Approver) Left Outer Join PI_Users c On (c.User_Id = a.Mp_Approver) Left Outer Join PI_Users d On (d.User_Id = a.Qty_Adj_Approver) Left Outer Join PI_Users e On (e.User_Id = a.Cost_Adj_Approver) Left Outer Join PI_Users f ON (f.User_Id = a.Ir_Approver) LEFT OUTER JOIN [dbo].[PI_Users] b2 on (b2.User_Id = a.Pr_Approver2) LEFT OUTER JOIN [dbo].[PI_Users] c2 on (c2.User_Id = a.Mp_Approver2) LEFT OUTER JOIN [dbo].[PI_Users] d2 on (d2.User_Id = a.Qty_Adj_Approver2) LEFT OUTER JOIN [dbo].[PI_Users] f2 on (f2.User_Id = a.Ir_Approver2) LEFT OUTER JOIN [dbo].[PI_Users] b3 on (b3.User_Id = a.Pr_Approver3) LEFT OUTER JOIN [dbo].[PI_Users] c3 on (c3.User_Id = a.Mp_Approver3) LEFT OUTER JOIN [dbo].[PI_Users] d3 on (d3.User_Id = a.Qty_Adj_Approver3) LEFT OUTER JOIN [dbo].[PI_Users] f3 on (f3.User_Id = a.Ir_Approver3) LEFT OUTER JOIN [dbo].[PI_Users] b4 on (b4.User_Id = a.Pr_Approver4) LEFT OUTER JOIN [dbo].[PI_Users] c4 on (c4.User_Id = a.Mp_Approver4) LEFT OUTER JOIN [dbo].[PI_Users] d4 on (d4.User_Id = a.Qty_Adj_Approver4) LEFT OUTER JOIN [dbo].[PI_Users] f4 on (f4.User_Id = a.Ir_Approver4) LEFT OUTER JOIN [dbo].[PI_Users] b5 on (b5.User_Id = a.Pr_Approver5) LEFT OUTER JOIN [dbo].[PI_Users] c5 on (c5.User_Id = a.Mp_Approver5) LEFT OUTER JOIN [dbo].[PI_Users] d5 on (d5.User_Id = a.Qty_Adj_Approver5) LEFT OUTER JOIN [dbo].[PI_Users] f5 on (f5.User_Id = a.Ir_Approver5) LEFT OUTER JOIN [dbo].[PI_Users] b6 on (b6.User_Id = a.Pr_Approver6) LEFT OUTER JOIN [dbo].[PI_Users] c6 on (c6.User_Id = a.Mp_Approver6) LEFT OUTER JOIN [dbo].[PI_Users] d6 on (d6.User_Id = a.Qty_Adj_Approver6) LEFT OUTER JOIN [dbo].[PI_Users] f6 on (f6.User_Id = a.Ir_Approver6) LEFT OUTER JOIN [dbo].[ms_branch] g on (g.branch = a.default_branch) Where a.user_id = 1"
"8/11/2026 11:11:27 AM","sql_batch_completed","RMS",".Net SqlClient Data Provider","DESKTOP-T5HTV1I","vsnet2020","58","0","38.926000","1","Select a.*, b.Full_Name As DefaultPrApprName, c.Full_Name As DefaultMpApprName, d.Full_Name AS DefaultQtyAdjApprName, e.Full_Name AS DefaultCostAdjApprName, f.Full_Name AS DefaultIrApprName, b2.Full_Name AS DefaultPrApprName2, c2.Full_Name AS DefaultMpApprName2,  d2.Full_Name AS DefaultQtyAdjApprName2, f2.Full_Name AS DefaultIrApprName2, b3.Full_Name AS DefaultPrApprName3, c3.Full_Name AS DefaultMpApprName3,  d3.Full_Name AS DefaultQtyAdjApprName3, f3.Full_Name AS DefaultIrApprName3, b4.Full_Name AS DefaultPrApprName4, c4.Full_Name AS DefaultMpApprName4,  d4.Full_Name AS DefaultQtyAdjApprName4, f4.Full_Name AS DefaultIrApprName4, b5.Full_Name AS DefaultPrApprName5, c5.Full_Name AS DefaultMpApprName5,  d5.Full_Name AS DefaultQtyAdjApprName5, f5.Full_Name AS DefaultIrApprName5, b6.Full_Name AS DefaultPrApprName6, c6.Full_Name AS DefaultMpApprName6,  d6.Full_Name AS DefaultQtyAdjApprName6, f6.Full_Name AS DefaultIrApprName6, g.description AS BranchName  from PI_Users a Left Outer Join PI_Users b On (b.User_Id = a.Pr_Approver) Left Outer Join PI_Users c On (c.User_Id = a.Mp_Approver) Left Outer Join PI_Users d On (d.User_Id = a.Qty_Adj_Approver) Left Outer Join PI_Users e On (e.User_Id = a.Cost_Adj_Approver) Left Outer Join PI_Users f ON (f.User_Id = a.Ir_Approver) LEFT OUTER JOIN [dbo].[PI_Users] b2 on (b2.User_Id = a.Pr_Approver2) LEFT OUTER JOIN [dbo].[PI_Users] c2 on (c2.User_Id = a.Mp_Approver2) LEFT OUTER JOIN [dbo].[PI_Users] d2 on (d2.User_Id = a.Qty_Adj_Approver2) LEFT OUTER JOIN [dbo].[PI_Users] f2 on (f2.User_Id = a.Ir_Approver2) LEFT OUTER JOIN [dbo].[PI_Users] b3 on (b3.User_Id = a.Pr_Approver3) LEFT OUTER JOIN [dbo].[PI_Users] c3 on (c3.User_Id = a.Mp_Approver3) LEFT OUTER JOIN [dbo].[PI_Users] d3 on (d3.User_Id = a.Qty_Adj_Approver3) LEFT OUTER JOIN [dbo].[PI_Users] f3 on (f3.User_Id = a.Ir_Approver3) LEFT OUTER JOIN [dbo].[PI_Users] b4 on (b4.User_Id = a.Pr_Approver4) LEFT OUTER JOIN [dbo].[PI_Users] c4 on (c4.User_Id = a.Mp_Approver4) LEFT OUTER JOIN [dbo].[PI_Users] d4 on (d4.User_Id = a.Qty_Adj_Approver4) LEFT OUTER JOIN [dbo].[PI_Users] f4 on (f4.User_Id = a.Ir_Approver4) LEFT OUTER JOIN [dbo].[PI_Users] b5 on (b5.User_Id = a.Pr_Approver5) LEFT OUTER JOIN [dbo].[PI_Users] c5 on (c5.User_Id = a.Mp_Approver5) LEFT OUTER JOIN [dbo].[PI_Users] d5 on (d5.User_Id = a.Qty_Adj_Approver5) LEFT OUTER JOIN [dbo].[PI_Users] f5 on (f5.User_Id = a.Ir_Approver5) LEFT OUTER JOIN [dbo].[PI_Users] b6 on (b6.User_Id = a.Pr_Approver6) LEFT OUTER JOIN [dbo].[PI_Users] c6 on (c6.User_Id = a.Mp_Approver6) LEFT OUTER JOIN [dbo].[PI_Users] d6 on (d6.User_Id = a.Qty_Adj_Approver6) LEFT OUTER JOIN [dbo].[PI_Users] f6 on (f6.User_Id = a.Ir_Approver6) LEFT OUTER JOIN [dbo].[ms_branch] g on (g.branch = a.default_branch) Where a.user_id = 1"
"8/11/2026 11:11:27 AM","rpc_completed","RMS",".Net SqlClient Data Provider","DESKTOP-T5HTV1I","vsnet2020","58","0","0.006000","0","exec sp_reset_connection"
"8/11/2026 11:11:27 AM","sql_batch_completed","RMS",".Net SqlClient Data Provider","DESKTOP-T5HTV1I","vsnet2020","58","0","2.816000","1","Select a.company_Code as company, cast(a.Company_Code as nvarchar(3))+'-'+a.Company_Name as Company_Code, a.Pos_DB_name, b.User_Id From PI_Company a Left Outer Join PI_User_Company_Access b ON (a.Company_Code=b.Company_Code AND b.User_ID=1) where b.User_id = 1 ORDER BY a.Company_Code"
"8/11/2026 11:11:27 AM","sql_statement_completed","RMS",".Net SqlClient Data Provider","DESKTOP-T5HTV1I","vsnet2020","58","16777467","0.267000","1","Select a.company_Code as company, cast(a.Company_Code as nvarchar(3))+'-'+a.Company_Name as Company_Code, a.Pos_DB_name, b.User_Id From PI_Company a Left Outer Join PI_User_Company_Access b ON (a.Company_Code=b.Company_Code AND b.User_ID=1) where b.User_id = 1 ORDER BY a.Company_Code"
"8/11/2026 11:11:27 AM","rpc_completed","RMS",".Net SqlClient Data Provider","DESKTOP-T5HTV1I","vsnet2020","58","0","0.012000","0","exec sp_reset_connection"
"8/11/2026 11:11:27 AM","sql_statement_completed","RMS",".Net SqlClient Data Provider","DESKTOP-T5HTV1I","vsnet2020","58","16777470","0.168000","1","Select Price_type,ISNULL(Read_only,'False') as Read_only from pi_User_mp_Price_Access where company_Code=1 And user_id=1"
"8/11/2026 11:11:27 AM","sql_batch_completed","RMS",".Net SqlClient Data Provider","DESKTOP-T5HTV1I","vsnet2020","58","0","3.077000","1"," Select Price_type,ISNULL(Read_only,'False') as Read_only from pi_User_mp_Price_Access where company_Code=1 And user_id=1"
"8/11/2026 11:11:27 AM","rpc_completed","RMS",".Net SqlClient Data Provider","DESKTOP-T5HTV1I","vsnet2020","58","0","0.008000","0","exec sp_reset_connection"
"8/11/2026 11:11:28 AM","sql_batch_completed","RMS",".Net SqlClient Data Provider","DESKTOP-T5HTV1I","vsnet2020","58","0","6.504000","1","Select a.Location_Code,b.Name,a.Def_Location,b.Price_Type,Area,Zone,ISNULL(b.Adjustment_UnitPrice, 0) AS Adjustment_UnitPrice, Connection, ISNULL(b.Use_Location_Cost,'N') AS Use_Location_Cost, ISNULL(b.Use_Location_Price,'N') AS Use_Location_Price,b.Company_No, ISNULL(a.Show_Cost,'N') as Show_Cost, Company_No as ACC_Company, Use_GST, Compulsory_GST, Use_SST FROM PI_User_Company_Access_Location a Inner Join PI_Company_Location b ON (a.Company_Code=b.Company_Code AND a.Location_Code=b.Location_Code) WHERE a.Company_Code=1 AND a.User_ID=1 and Status = 'A' ORDER BY b.[Order]"
"8/11/2026 11:11:28 AM","sql_statement_completed","RMS",".Net SqlClient Data Provider","DESKTOP-T5HTV1I","vsnet2020","58","16777485","0.558000","1","Select a.Location_Code,b.Name,a.Def_Location,b.Price_Type,Area,Zone,ISNULL(b.Adjustment_UnitPrice, 0) AS Adjustment_UnitPrice, Connection, ISNULL(b.Use_Location_Cost,'N') AS Use_Location_Cost, ISNULL(b.Use_Location_Price,'N') AS Use_Location_Price,b.Company_No, ISNULL(a.Show_Cost,'N') as Show_Cost, Company_No as ACC_Company, Use_GST, Compulsory_GST, Use_SST FROM PI_User_Company_Access_Location a Inner Join PI_Company_Location b ON (a.Company_Code=b.Company_Code AND a.Location_Code=b.Location_Code) WHERE a.Company_Code=1 AND a.User_ID=1 and Status = 'A' ORDER BY b.[Order]"
"8/11/2026 11:11:28 AM","rpc_completed","RMS",".Net SqlClient Data Provider","DESKTOP-T5HTV1I","vsnet2020","58","0","0.003000","0","exec sp_reset_connection"
"8/11/2026 11:11:28 AM","sql_statement_completed","RMS",".Net SqlClient Data Provider","DESKTOP-T5HTV1I","vsnet2020","58","16777495","0.287000","1","SELECT a.Location_Code, a.Attachment_Path, a.PR_Attachment_Path, a.PO_Attachment_Path, a.PD_Attachment_Path, a.PI_Attachment_Path, a.SQ_Attachment_Path, a.SO_Attachment_Path, a.SD_Attachment_Path, a.SI_Attachment_Path, a.AD_Attachment_Path, a.Packing_Attachment_Path, a.Item_Attachment_Path, a.Member_Attachment_Path, a.IR_Attachment_Path, a.PR_Attachment_Level, a.PO_Attachment_Level, a.PD_Attachment_Level, a.PI_Attachment_Level, a.SQ_Attachment_Level, a.SO_Attachment_Level, a.SD_Attachment_Level, a.SI_Attachment_Level, a.AD_Attachment_Level, a.Packing_Attachment_Level, a.Item_Attachment_Level, a.Member_Attachment_Level, a.IR_Attachment_Level, a.Attachment_Level, a.ST_Attachment_Level, a.PR_Attachment_Folder, a.PO_Attachment_Folder, a.PD_Attachment_Folder, a.PI_Attachment_Folder, a.SQ_Attachment_Folder, a.SO_Attachment_Folder, a.SD_Attachment_Folder, a.SI_Attachment_Folder, a.AD_Attachment_Folder, a.Packing_Attachment_Folder, a.Item_Attachment_Folder, a.Member_Attachment_Folder, a.ST_Attachment_Folder, a.IR_Attachment_Folder, a.Attachment_Folder, a.Attachment_DocType, a.PR_Attachment_DocType, a.PO_Attachment_DocType, a.PD_Attachment_DocType, a.PI_Attachment_DocType, a.SQ_Attachment_DocType, a.SO_Attachment_DocType, a.SD_Attachment_DocType, a.SI_Attachment_DocType, a.AD_Attachment_DocType, a.Packing_Attachment_DocType, a.Item_Attachment_DocType, a.Member_Attachment_DocType, a.IR_Attachment_DocType, a.ST_Attachment_DocType, ISNULL(b.Def_Location,'N') AS Def_Location,Attachment_File_Format FROM PI_Company_Location a LEFT OUTER JOIN PI_User_Company_Access_Location b ON a.Company_Code=b.Company_Code AND a.Location_Code=b.Location_Code WHERE a.Company_Code = 1 AND b.User_Id = 1"
"8/11/2026 11:11:28 AM","sql_batch_completed","RMS",".Net SqlClient Data Provider","DESKTOP-T5HTV1I","vsnet2020","58","0","2.827000","1","SELECT a.Location_Code, a.Attachment_Path, a.PR_Attachment_Path, a.PO_Attachment_Path, a.PD_Attachment_Path, a.PI_Attachment_Path, a.SQ_Attachment_Path, a.SO_Attachment_Path, a.SD_Attachment_Path, a.SI_Attachment_Path, a.AD_Attachment_Path, a.Packing_Attachment_Path, a.Item_Attachment_Path, a.Member_Attachment_Path, a.IR_Attachment_Path, a.PR_Attachment_Level, a.PO_Attachment_Level, a.PD_Attachment_Level, a.PI_Attachment_Level, a.SQ_Attachment_Level, a.SO_Attachment_Level, a.SD_Attachment_Level, a.SI_Attachment_Level, a.AD_Attachment_Level, a.Packing_Attachment_Level, a.Item_Attachment_Level, a.Member_Attachment_Level, a.IR_Attachment_Level, a.Attachment_Level, a.ST_Attachment_Level, a.PR_Attachment_Folder, a.PO_Attachment_Folder, a.PD_Attachment_Folder, a.PI_Attachment_Folder, a.SQ_Attachment_Folder, a.SO_Attachment_Folder, a.SD_Attachment_Folder, a.SI_Attachment_Folder, a.AD_Attachment_Folder, a.Packing_Attachment_Folder, a.Item_Attachment_Folder, a.Member_Attachment_Folder, a.ST_Attachment_Folder, a.IR_Attachment_Folder, a.Attachment_Folder, a.Attachment_DocType, a.PR_Attachment_DocType, a.PO_Attachment_DocType, a.PD_Attachment_DocType, a.PI_Attachment_DocType, a.SQ_Attachment_DocType, a.SO_Attachment_DocType, a.SD_Attachment_DocType, a.SI_Attachment_DocType, a.AD_Attachment_DocType, a.Packing_Attachment_DocType, a.Item_Attachment_DocType, a.Member_Attachment_DocType, a.IR_Attachment_DocType, a.ST_Attachment_DocType, ISNULL(b.Def_Location,'N') AS Def_Location,Attachment_File_Format FROM PI_Company_Location a LEFT OUTER JOIN PI_User_Company_Access_Location b ON a.Company_Code=b.Company_Code AND a.Location_Code=b.Location_Code WHERE a.Company_Code = 1 AND b.User_Id = 1"
"8/11/2026 11:11:28 AM","rpc_completed","RMS",".Net SqlClient Data Provider","DESKTOP-T5HTV1I","vsnet2020","58","0","0.011000","0","exec sp_reset_connection"
"8/11/2026 11:11:28 AM","sql_batch_completed","RMS",".Net SqlClient Data Provider","DESKTOP-T5HTV1I","vsnet2020","58","0","67.441000","0","Select Code,Description from ACC.dbo.CM_Commission_Type Where company_Code=1"
"8/11/2026 11:11:28 AM","sql_statement_completed","RMS",".Net SqlClient Data Provider","DESKTOP-T5HTV1I","vsnet2020","58","0","0.100000","0","Select Code,Description from ACC.dbo.CM_Commission_Type Where company_Code=1"
"8/11/2026 11:11:28 AM","rpc_completed","RMS",".Net SqlClient Data Provider","DESKTOP-T5HTV1I","vsnet2020","58","0","0.016000","0","exec sp_reset_connection"
"8/11/2026 11:11:28 AM","sql_statement_completed","RMS",".Net SqlClient Data Provider","DESKTOP-T5HTV1I","vsnet2020","58","0","0.278000","0","SELECT * FROM sy_prelabel WHERE status = 'A'"
"8/11/2026 11:11:28 AM","sql_batch_completed","RMS",".Net SqlClient Data Provider","DESKTOP-T5HTV1I","vsnet2020","58","0","2.283000","0","SELECT * FROM sy_prelabel WHERE status = 'A' "
"8/11/2026 11:11:28 AM","sql_batch_completed","RMS",".Net SqlClient Data Provider","DESKTOP-T5HTV1I","vsnet2020","58","0","0.363000","1","Select Apps_Hosting_QR From SY_System "
"8/11/2026 11:11:28 AM","sql_statement_completed","RMS",".Net SqlClient Data Provider","DESKTOP-T5HTV1I","vsnet2020","58","16777538","0.039000","1","Select Apps_Hosting_QR From SY_System"
"8/11/2026 11:11:28 AM","rpc_completed","RMS",".Net SqlClient Data Provider","DESKTOP-T5HTV1I","vsnet2020","58","0","0.009000","0","exec sp_reset_connection"
"8/11/2026 11:11:28 AM","rpc_completed","RMS",".Net SqlClient Data Provider","DESKTOP-T5HTV1I","vsnet2020","58","0","0.016000","0","exec sp_reset_connection"
"8/11/2026 11:11:28 AM","rpc_completed","RMS",".Net SqlClient Data Provider","DESKTOP-T5HTV1I","vsnet2020","58","0","0.005000","0","exec sp_reset_connection"
"8/11/2026 11:11:28 AM","sql_statement_completed","RMS",".Net SqlClient Data Provider","DESKTOP-T5HTV1I","vsnet2020","58","16777543","0.177000","1","Select ISNULL(Use_EI,'N') as Use_EI From SY_System"
"8/11/2026 11:11:28 AM","sql_statement_completed","RMS",".Net SqlClient Data Provider","DESKTOP-T5HTV1I","vsnet2020","58","0","0.314000","1","Select count(*) from SY_My_List Where User_ID=1"
"8/11/2026 11:11:28 AM","sql_batch_completed","RMS",".Net SqlClient Data Provider","DESKTOP-T5HTV1I","vsnet2020","58","0","2.405000","1"," Select count(*) from SY_My_List Where User_ID=1"
"8/11/2026 11:11:28 AM","sql_batch_completed","RMS",".Net SqlClient Data Provider","DESKTOP-T5HTV1I","vsnet2020","58","0","0.440000","1","Select ISNULL(Use_EI,'N') as Use_EI From SY_System "
"8/11/2026 11:11:28 AM","rpc_completed","RMS",".Net SqlClient Data Provider","DESKTOP-T5HTV1I","vsnet2020","58","0","0.003000","0","exec sp_reset_connection"
"8/11/2026 11:11:28 AM","sql_batch_completed","RMS",".Net SqlClient Data Provider","DESKTOP-T5HTV1I","vsnet2020","58","0","0.961000","1","SELECT ISNULL(ACC_Export_Method,0) FROM PI_Company WHERE Company_Code=1"
"8/11/2026 11:11:28 AM","sql_statement_completed","RMS",".Net SqlClient Data Provider","DESKTOP-T5HTV1I","vsnet2020","58","16777545","0.029000","1","SELECT ISNULL(ACC_Export_Method,0) FROM PI_Company WHERE Company_Code=1"
"8/11/2026 11:11:28 AM","rpc_completed","RMS",".Net SqlClient Data Provider","DESKTOP-T5HTV1I","vsnet2020","58","0","0.003000","0","exec sp_reset_connection"
"8/11/2026 11:11:28 AM","rpc_completed","RMS",".Net SqlClient Data Provider","DESKTOP-T5HTV1I","vsnet2020","58","0","0.003000","0","exec sp_reset_connection"
"8/11/2026 11:11:28 AM","rpc_completed","RMS",".Net SqlClient Data Provider","DESKTOP-T5HTV1I","vsnet2020","58","0","0.004000","0","exec sp_reset_connection"
"8/11/2026 11:11:28 AM","sql_statement_completed","RMS",".Net SqlClient Data Provider","DESKTOP-T5HTV1I","vsnet2020","58","16777547","0.244000","1","Select ISNULL(Allow_MY_Cart,'N') as Allow_My_Cart From SY_System"
"8/11/2026 11:11:28 AM","sql_statement_completed","RMS",".Net SqlClient Data Provider","DESKTOP-T5HTV1I","vsnet2020","58","16777549","0.031000","1","Select ISNULL(Allow_Edit_Posted_PI_With_PD,'N') as Allow_Edit_Posted_PI_With_PD From SY_System"
"8/11/2026 11:11:28 AM","sql_batch_completed","RMS",".Net SqlClient Data Provider","DESKTOP-T5HTV1I","vsnet2020","58","0","0.502000","1","Select ISNULL(Allow_MY_Cart,'N') as Allow_My_Cart From SY_System "
"8/11/2026 11:11:28 AM","sql_batch_completed","RMS",".Net SqlClient Data Provider","DESKTOP-T5HTV1I","vsnet2020","58","0","0.510000","1","Select ISNULL(Allow_Edit_Posted_PI_With_PD,'N') as Allow_Edit_Posted_PI_With_PD From SY_System "
"8/11/2026 11:11:28 AM","sql_batch_completed","RMS",".Net SqlClient Data Provider","DESKTOP-T5HTV1I","vsnet2020","58","0","0.566000","1","Select ISNULL(Import_From,'') as Import_From From SY_System "
"8/11/2026 11:11:28 AM","sql_statement_completed","RMS",".Net SqlClient Data Provider","DESKTOP-T5HTV1I","vsnet2020","58","16777551","0.230000","1","Select ISNULL(Import_From,'') as Import_From From SY_System"
"8/11/2026 11:11:28 AM","rpc_completed","RMS",".Net SqlClient Data Provider","DESKTOP-T5HTV1I","vsnet2020","58","0","0.004000","0","exec sp_reset_connection"
"8/11/2026 11:11:28 AM","rpc_completed","RMS",".Net SqlClient Data Provider","DESKTOP-T5HTV1I","vsnet2020","58","0","0.003000","0","exec sp_reset_connection"
"8/11/2026 11:11:28 AM","sql_statement_completed","RMS",".Net SqlClient Data Provider","DESKTOP-T5HTV1I","vsnet2020","58","16777555","0.029000","1","Select ISNULL(Allow_B2B,'N') as Allow_B2B From SY_System"
"8/11/2026 11:11:28 AM","sql_statement_completed","RMS",".Net SqlClient Data Provider","DESKTOP-T5HTV1I","vsnet2020","58","16777553","0.030000","1","Select ISNULL(Split_Send_Tab,'Y') as Split_Send_Tab From SY_System"
"8/11/2026 11:11:28 AM","sql_batch_completed","RMS",".Net SqlClient Data Provider","DESKTOP-T5HTV1I","vsnet2020","58","0","0.348000","1","Select ISNULL(Split_Send_Tab,'Y') as Split_Send_Tab From SY_System "
"8/11/2026 11:11:28 AM","sql_batch_completed","RMS",".Net SqlClient Data Provider","DESKTOP-T5HTV1I","vsnet2020","58","0","0.385000","1","Select ISNULL(Allow_B2B,'N') as Allow_B2B From SY_System "
"8/11/2026 11:11:28 AM","rpc_completed","RMS",".Net SqlClient Data Provider","DESKTOP-T5HTV1I","vsnet2020","58","0","0.030000","0","exec sp_reset_connection"
"8/11/2026 11:11:28 AM","sql_batch_completed","RMS",".Net SqlClient Data Provider","DESKTOP-T5HTV1I","vsnet2020","58","0","3.265000","0","Select * from RMS.dbo.PI_Company_Name a  Inner Join RMS.dbo.PI_User_Company_Name b ON (a.Company_Code=b.Company_Code AND a.Name_No=b.Name_No )  Where a.Company_Code=1 AND b.User_ID=1"
"8/11/2026 11:11:28 AM","sql_statement_completed","RMS",".Net SqlClient Data Provider","DESKTOP-T5HTV1I","vsnet2020","58","16777561","0.089000","0","Select * from RMS.dbo.PI_Company_Name a  Inner Join RMS.dbo.PI_User_Company_Name b ON (a.Company_Code=b.Company_Code AND a.Name_No=b.Name_No )  Where a.Company_Code=1 AND b.User_ID=1"
"8/11/2026 11:11:28 AM","rpc_completed","RMS",".Net SqlClient Data Provider","DESKTOP-T5HTV1I","vsnet2020","58","0","0.008000","0","exec sp_reset_connection"
"8/11/2026 11:11:28 AM","rpc_completed","RMS",".Net SqlClient Data Provider","DESKTOP-T5HTV1I","vsnet2020","58","0","0.004000","0","exec sp_reset_connection"
"8/11/2026 11:11:28 AM","sql_statement_completed","RMS",".Net SqlClient Data Provider","DESKTOP-T5HTV1I","vsnet2020","58","0","0.039000","0","SELECT event_no FROM in_event WHERE start_date <= CONVERT(DATETIME, '01-01-2015', 103) AND end_date >= CONVERT(DATETIME, '01-01-2015', 103) AND status = 'A' AND company_Code=1"
"8/11/2026 11:11:28 AM","sql_batch_completed","RMS",".Net SqlClient Data Provider","DESKTOP-T5HTV1I","vsnet2020","58","0","1.970000","0","SELECT event_no FROM in_event WHERE start_date <= CONVERT(DATETIME, '01-01-2015', 103) AND end_date >= CONVERT(DATETIME, '01-01-2015', 103) AND status = 'A' AND company_Code=1"
"8/11/2026 11:11:28 AM","sql_batch_completed","RMS",".Net SqlClient Data Provider","DESKTOP-T5HTV1I","vsnet2020","58","0","3.219000","0","SELECT Event_No FROM MS_Event WHERE Start_Date <= CONVERT(DATETIME, '01-01-2015', 103) AND End_Date >= CONVERT(DATETIME, '01-01-2015', 103) AND Status = 'A' And company_Code=1"
"8/11/2026 11:11:28 AM","sql_statement_completed","RMS",".Net SqlClient Data Provider","DESKTOP-T5HTV1I","vsnet2020","58","0","0.097000","0","SELECT Event_No FROM MS_Event WHERE Start_Date <= CONVERT(DATETIME, '01-01-2015', 103) AND End_Date >= CONVERT(DATETIME, '01-01-2015', 103) AND Status = 'A' And company_Code=1"
"8/11/2026 11:11:29 AM","rpc_completed","RMS",".Net SqlClient Data Provider","DESKTOP-T5HTV1I","vsnet2020","58","0","0.017000","0","exec sp_reset_connection"
"8/11/2026 11:11:29 AM","sql_statement_completed","RMS",".Net SqlClient Data Provider","DESKTOP-T5HTV1I","vsnet2020","58","0","0.482000","5","SELECT a.* FROM PI_Company_Module_Access AS a WHERE a.Company_Code = 1"
"8/11/2026 11:11:29 AM","sql_batch_completed","RMS",".Net SqlClient Data Provider","DESKTOP-T5HTV1I","vsnet2020","58","0","3.885000","5","SELECT a.* FROM PI_Company_Module_Access AS a WHERE a.Company_Code = 1"
"8/11/2026 11:11:29 AM","rpc_completed","RMS",".Net SqlClient Data Provider","DESKTOP-T5HTV1I","vsnet2020","58","0","0.005000","0","exec sp_reset_connection"
"8/11/2026 11:11:29 AM","sql_batch_completed","RMS",".Net SqlClient Data Provider","DESKTOP-T5HTV1I","vsnet2020","58","0","2.470000","51","SELECT a.* FROM PI_Company_Menu_Access AS a WHERE a.Company_Code =1 AND ( Module_No=1 OR  Module_No=2 OR  Module_No=3 OR  Module_No=4 OR  Module_No=8) Order By a.Module_No "
"8/11/2026 11:11:29 AM","sql_statement_completed","RMS",".Net SqlClient Data Provider","DESKTOP-T5HTV1I","vsnet2020","58","16777576","0.270000","51","SELECT a.* FROM PI_Company_Menu_Access AS a WHERE a.Company_Code =1 AND ( Module_No=1 OR  Module_No=2 OR  Module_No=3 OR  Module_No=4 OR  Module_No=8) Order By a.Module_No"
"8/11/2026 11:11:29 AM","rpc_completed","RMS",".Net SqlClient Data Provider","DESKTOP-T5HTV1I","vsnet2020","58","0","0.009000","0","exec sp_reset_connection"
"8/11/2026 11:11:29 AM","rpc_completed","RMS",".Net SqlClient Data Provider","DESKTOP-T5HTV1I","vsnet2020","58","0","0.003000","0","exec sp_reset_connection"
"8/11/2026 11:11:29 AM","sql_statement_completed","RMS",".Net SqlClient Data Provider","DESKTOP-T5HTV1I","vsnet2020","58","16777578","0.027000","1","Select isnull(Allow_Custom_Report,'N') from PI_Users where User_Id = 1"
"8/11/2026 11:11:29 AM","sql_batch_completed","RMS",".Net SqlClient Data Provider","DESKTOP-T5HTV1I","vsnet2020","58","0","0.844000","1","Select isnull(Allow_Custom_Report,'N') from PI_Users where User_Id = 1"
"8/11/2026 11:11:29 AM","sql_batch_completed","RMS",".Net SqlClient Data Provider","DESKTOP-T5HTV1I","vsnet2020","58","0","0.875000","1","Select isnull(Allow_Structure_Enquiry,'N') from PI_Users where User_Id = 1"
"8/11/2026 11:11:29 AM","sql_statement_completed","RMS",".Net SqlClient Data Provider","DESKTOP-T5HTV1I","vsnet2020","58","16777580","0.022000","1","Select isnull(Allow_Structure_Enquiry,'N') from PI_Users where User_Id = 1"
"8/11/2026 11:11:29 AM","rpc_completed","RMS",".Net SqlClient Data Provider","DESKTOP-T5HTV1I","vsnet2020","58","0","0.002000","0","exec sp_reset_connection"
"8/11/2026 11:11:29 AM","rpc_completed","RMS",".Net SqlClient Data Provider","DESKTOP-T5HTV1I","vsnet2020","58","0","0.010000","0","exec sp_reset_connection"
"8/11/2026 11:11:29 AM","sql_statement_completed","RMS",".Net SqlClient Data Provider","DESKTOP-T5HTV1I","vsnet2020","58","16777583","0.105000","0","Select isnull(Monday_Color,16777215) from PP_Setup where Company_Code=1"
"8/11/2026 11:11:29 AM","sql_batch_completed","RMS",".Net SqlClient Data Provider","DESKTOP-T5HTV1I","vsnet2020","58","0","3.064000","0","Select isnull(Monday_Color,16777215) from PP_Setup where Company_Code=1"
"8/11/2026 11:11:29 AM","sql_batch_completed","RMS",".Net SqlClient Data Provider","DESKTOP-T5HTV1I","vsnet2020","58","0","0.921000","0","Select isnull(Tuesday_Color,16777215) from PP_Setup where Company_Code=1"
"8/11/2026 11:11:29 AM","sql_statement_completed","RMS",".Net SqlClient Data Provider","DESKTOP-T5HTV1I","vsnet2020","58","16777585","0.052000","0","Select isnull(Tuesday_Color,16777215) from PP_Setup where Company_Code=1"
"8/11/2026 11:11:29 AM","rpc_completed","RMS",".Net SqlClient Data Provider","DESKTOP-T5HTV1I","vsnet2020","58","0","0.010000","0","exec sp_reset_connection"
"8/11/2026 11:11:29 AM","rpc_completed","RMS",".Net SqlClient Data Provider","DESKTOP-T5HTV1I","vsnet2020","58","0","0.002000","0","exec sp_reset_connection"
"8/11/2026 11:11:29 AM","rpc_completed","RMS",".Net SqlClient Data Provider","DESKTOP-T5HTV1I","vsnet2020","58","0","0.002000","0","exec sp_reset_connection"
"8/11/2026 11:11:29 AM","rpc_completed","RMS",".Net SqlClient Data Provider","DESKTOP-T5HTV1I","vsnet2020","58","0","0.002000","0","exec sp_reset_connection"
"8/11/2026 11:11:29 AM","sql_statement_completed","RMS",".Net SqlClient Data Provider","DESKTOP-T5HTV1I","vsnet2020","58","16777591","0.014000","0","Select isnull(Friday_Color,16777215) from PP_Setup where Company_Code=1"
"8/11/2026 11:11:29 AM","sql_statement_completed","RMS",".Net SqlClient Data Provider","DESKTOP-T5HTV1I","vsnet2020","58","16777589","0.014000","0","Select isnull(Thursday_Color,16777215) from PP_Setup where Company_Code=1"
"8/11/2026 11:11:29 AM","sql_statement_completed","RMS",".Net SqlClient Data Provider","DESKTOP-T5HTV1I","vsnet2020","58","16777587","0.015000","0","Select isnull(Wednesday_Color,16777215) from PP_Setup where Company_Code=1"
"8/11/2026 11:11:29 AM","sql_batch_completed","RMS",".Net SqlClient Data Provider","DESKTOP-T5HTV1I","vsnet2020","58","0","0.239000","0","Select isnull(Thursday_Color,16777215) from PP_Setup where Company_Code=1"
"8/11/2026 11:11:29 AM","sql_batch_completed","RMS",".Net SqlClient Data Provider","DESKTOP-T5HTV1I","vsnet2020","58","0","0.241000","0","Select isnull(Friday_Color,16777215) from PP_Setup where Company_Code=1"
"8/11/2026 11:11:29 AM","sql_batch_completed","RMS",".Net SqlClient Data Provider","DESKTOP-T5HTV1I","vsnet2020","58","0","0.560000","0","Select isnull(Wednesday_Color,16777215) from PP_Setup where Company_Code=1"
"8/11/2026 11:11:29 AM","sql_batch_completed","RMS",".Net SqlClient Data Provider","DESKTOP-T5HTV1I","vsnet2020","58","0","0.237000","0","Select isnull(Saturday_Color,16777215) from PP_Setup where Company_Code=1"
"8/11/2026 11:11:29 AM","sql_batch_completed","RMS",".Net SqlClient Data Provider","DESKTOP-T5HTV1I","vsnet2020","58","0","0.239000","0","Select isnull(Sunday_Color,16777215) from PP_Setup where Company_Code=1"
"8/11/2026 11:11:29 AM","sql_statement_completed","RMS",".Net SqlClient Data Provider","DESKTOP-T5HTV1I","vsnet2020","58","16777595","0.014000","0","Select isnull(Sunday_Color,16777215) from PP_Setup where Company_Code=1"
"8/11/2026 11:11:29 AM","sql_statement_completed","RMS",".Net SqlClient Data Provider","DESKTOP-T5HTV1I","vsnet2020","58","16777593","0.014000","0","Select isnull(Saturday_Color,16777215) from PP_Setup where Company_Code=1"
"8/11/2026 11:11:29 AM","rpc_completed","RMS",".Net SqlClient Data Provider","DESKTOP-T5HTV1I","vsnet2020","58","0","0.002000","0","exec sp_reset_connection"
"8/11/2026 11:11:29 AM","rpc_completed","RMS",".Net SqlClient Data Provider","DESKTOP-T5HTV1I","vsnet2020","58","0","0.018000","0","exec sp_reset_connection"
"8/11/2026 11:11:29 AM","sql_statement_completed","RMS",".Net SqlClient Data Provider","DESKTOP-T5HTV1I","vsnet2020","58","16777703","0.111000","0","Select a.*,  CAST(a.Added_By as nvarchar) + '-' + b.Full_name as AddedName, CAST(a.Last_Modified_By as nvarchar) + '-' +c.Full_name as LastModifiedName, CAST(a.Download_By as nvarchar) + '-' +d.Full_name as DownloadName, (Select count(*) From My_Cart_Item b where a.Company_Code=b.Company_Code And a.Cart_No=b.Cart_No) As TotalItem , c1.Name as CustomerName, c2.Name as VendorName  From My_Cart a  INNER JOIN PI_Company_Location b1 ON (a.company_Code=b1.company_Code AND a.Location_Code=b1.Location_Code)  LEFT OUTER JOIN [ACC].[dbo].[AR_Customer] c1 On (a.Customer=c1.Code And b1.Company_No=c1.Company_Code)  LEFT OUTER JOIN [ACC].[dbo].[AP_Vendor] c2 On (a.Vendor=c2.Code And b1.Company_No=c2.Company_Code)  Left Outer Join Pi_Users b On (a.Added_By = b.User_ID)  Left Outer Join Pi_Users c On (a.Last_Modified_By = c.User_ID)  Left Outer Join Pi_Users d On (a.Download_By = d.User_ID)  Where a.Status='A' AND a.Company_Code=1 AND a.Added_By=1  Order By a.Cart_No"
"8/11/2026 11:11:29 AM","sql_batch_completed","RMS",".Net SqlClient Data Provider","DESKTOP-T5HTV1I","vsnet2020","58","0","88.761000","0"," Select a.*,  CAST(a.Added_By as nvarchar) + '-' + b.Full_name as AddedName, CAST(a.Last_Modified_By as nvarchar) + '-' +c.Full_name as LastModifiedName, CAST(a.Download_By as nvarchar) + '-' +d.Full_name as DownloadName, (Select count(*) From My_Cart_Item b where a.Company_Code=b.Company_Code And a.Cart_No=b.Cart_No) As TotalItem , c1.Name as CustomerName, c2.Name as VendorName  From My_Cart a  INNER JOIN PI_Company_Location b1 ON (a.company_Code=b1.company_Code AND a.Location_Code=b1.Location_Code)  LEFT OUTER JOIN [ACC].[dbo].[AR_Customer] c1 On (a.Customer=c1.Code And b1.Company_No=c1.Company_Code)  LEFT OUTER JOIN [ACC].[dbo].[AP_Vendor] c2 On (a.Vendor=c2.Code And b1.Company_No=c2.Company_Code)  Left Outer Join Pi_Users b On (a.Added_By = b.User_ID)  Left Outer Join Pi_Users c On (a.Last_Modified_By = c.User_ID)  Left Outer Join Pi_Users d On (a.Download_By = d.User_ID)  Where a.Status='A' AND a.Company_Code=1 AND a.Added_By=1  Order By a.Cart_No "
"8/11/2026 11:11:29 AM","rpc_completed","RMS",".Net SqlClient Data Provider","DESKTOP-T5HTV1I","vsnet2020","58","0","0.007000","0","exec sp_reset_connection"
"8/11/2026 11:11:29 AM","sql_batch_completed","RMS",".Net SqlClient Data Provider","DESKTOP-T5HTV1I","vsnet2020","58","0","8.540000","0"," Select a.*,  CAST(a.Added_By as nvarchar) + '-' + b.Full_name as AddedName, CAST(a.Last_Modified_By as nvarchar) + '-' +c.Full_name as LastModifiedName, CAST(a.Download_By as nvarchar) + '-' +d.Full_name as DownloadName, (Select count(*) From My_Cart_Item b where a.Company_Code=b.Company_Code And a.Cart_No=b.Cart_No) As TotalItem , c1.Name as CustomerName, c2.Name as VendorName  From My_Cart a  INNER JOIN PI_Company_Location b1 ON (a.company_Code=b1.company_Code AND a.Location_Code=b1.Location_Code)  LEFT OUTER JOIN [ACC].[dbo].[AR_Customer] c1 On (a.Customer=c1.Code And b1.Company_No=c1.Company_Code)  LEFT OUTER JOIN [ACC].[dbo].[AP_Vendor] c2 On (a.Vendor=c2.Code And b1.Company_No=c2.Company_Code)  Left Outer Join Pi_Users b On (a.Added_By = b.User_ID)  Left Outer Join Pi_Users c ON (a.Last_Modified_By = c.User_ID)  Left Outer Join Pi_Users d ON (a.Download_By = d.User_ID)  Where a.Status='A' AND a.Company_Code=1 And EXISTS  ( Select * from MY_Cart_Receiver a1 Where a.Company_Code=a1.Company_Code And a.Cart_No=a1.Cart_No And a1.Receiver_ID=1 AND a1.Receiver_ID<>a.Added_By )  Order By a.Cart_No"
"8/11/2026 11:11:29 AM","sql_statement_completed","RMS",".Net SqlClient Data Provider","DESKTOP-T5HTV1I","vsnet2020","58","16777746","0.487000","0","Select a.*,  CAST(a.Added_By as nvarchar) + '-' + b.Full_name as AddedName, CAST(a.Last_Modified_By as nvarchar) + '-' +c.Full_name as LastModifiedName, CAST(a.Download_By as nvarchar) + '-' +d.Full_name as DownloadName, (Select count(*) From My_Cart_Item b where a.Company_Code=b.Company_Code And a.Cart_No=b.Cart_No) As TotalItem , c1.Name as CustomerName, c2.Name as VendorName  From My_Cart a  INNER JOIN PI_Company_Location b1 ON (a.company_Code=b1.company_Code AND a.Location_Code=b1.Location_Code)  LEFT OUTER JOIN [ACC].[dbo].[AR_Customer] c1 On (a.Customer=c1.Code And b1.Company_No=c1.Company_Code)  LEFT OUTER JOIN [ACC].[dbo].[AP_Vendor] c2 On (a.Vendor=c2.Code And b1.Company_No=c2.Company_Code)  Left Outer Join Pi_Users b On (a.Added_By = b.User_ID)  Left Outer Join Pi_Users c ON (a.Last_Modified_By = c.User_ID)  Left Outer Join Pi_Users d ON (a.Download_By = d.User_ID)  Where a.Status='A' AND a.Company_Code=1 And EXISTS  ( Select * from MY_Cart_Receiver a1 Where a.Company_Code=a1.Company_Code And a.Cart_No=a1.Cart_No And a1.Receiver_ID=1 AND a1.Receiver_ID<>a.Added_By )  Order By a.Cart_No"
"8/11/2026 11:11:29 AM","rpc_completed","RMS",".Net SqlClient Data Provider","DESKTOP-T5HTV1I","vsnet2020","58","0","0.004000","0","exec sp_reset_connection"
"8/11/2026 11:11:29 AM","sql_statement_completed","RMS",".Net SqlClient Data Provider","DESKTOP-T5HTV1I","vsnet2020","58","16777784","0.068000","0","Select a.*,  CAST(a.Added_By as nvarchar) + '-' + b.Full_name as AddedName, CAST(a.Last_Modified_By as nvarchar) + '-' +c.Full_name as LastModifiedName, CAST(a.Download_By as nvarchar) + '-' +d.Full_name as DownloadName, (Select count(*) From My_Cart_Item b where a.Company_Code=b.Company_Code And a.Cart_No=b.Cart_No) As TotalItem , c1.Name as CustomerName, c2.Name as VendorName  From My_Cart a  INNER JOIN PI_Company_Location b1 ON (a.company_Code=b1.company_Code AND a.Location_Code=b1.Location_Code)  LEFT OUTER JOIN [ACC].[dbo].[AR_Customer] c1 On (a.Customer=c1.Code And b1.Company_No=c1.Company_Code)  LEFT OUTER JOIN [ACC].[dbo].[AP_Vendor] c2 On (a.Vendor=c2.Code And b1.Company_No=c2.Company_Code)  Left Outer Join Pi_Users b On (a.Added_By = b.User_ID)  Left Outer Join Pi_Users c On (a.Last_Modified_By = c.User_ID)  Left Outer Join Pi_Users d On (a.Download_By = d.User_ID)  Where a.Status='A' AND a.Company_Code=1 AND a.Added_By=0 AND a.B2B_Added_By=1  Order By a.Cart_No"
"8/11/2026 11:11:29 AM","sql_batch_completed","RMS",".Net SqlClient Data Provider","DESKTOP-T5HTV1I","vsnet2020","58","0","6.049000","0"," Select a.*,  CAST(a.Added_By as nvarchar) + '-' + b.Full_name as AddedName, CAST(a.Last_Modified_By as nvarchar) + '-' +c.Full_name as LastModifiedName, CAST(a.Download_By as nvarchar) + '-' +d.Full_name as DownloadName, (Select count(*) From My_Cart_Item b where a.Company_Code=b.Company_Code And a.Cart_No=b.Cart_No) As TotalItem , c1.Name as CustomerName, c2.Name as VendorName  From My_Cart a  INNER JOIN PI_Company_Location b1 ON (a.company_Code=b1.company_Code AND a.Location_Code=b1.Location_Code)  LEFT OUTER JOIN [ACC].[dbo].[AR_Customer] c1 On (a.Customer=c1.Code And b1.Company_No=c1.Company_Code)  LEFT OUTER JOIN [ACC].[dbo].[AP_Vendor] c2 On (a.Vendor=c2.Code And b1.Company_No=c2.Company_Code)  Left Outer Join Pi_Users b On (a.Added_By = b.User_ID)  Left Outer Join Pi_Users c On (a.Last_Modified_By = c.User_ID)  Left Outer Join Pi_Users d On (a.Download_By = d.User_ID)  Where a.Status='A' AND a.Company_Code=1 AND a.Added_By=0 AND a.B2B_Added_By=1  Order By a.Cart_No "
"8/11/2026 11:11:29 AM","rpc_completed","RMS",".Net SqlClient Data Provider","DESKTOP-T5HTV1I","vsnet2020","58","0","0.008000","0","exec sp_reset_connection"
"8/11/2026 11:11:29 AM","sql_batch_completed","RMS",".Net SqlClient Data Provider","DESKTOP-T5HTV1I","vsnet2020","58","0","29.542000","0","Select Cast(0 as bit) as Selected,'' as [Delete],a.Ordering As No,Cast(a.Qty*a.Price as money) as Total_Amount, a.*, CASE WHEN ISNULL(a.Vendor,'')='' then ISNULL(x.PIVendor,'') else a.Vendor END as VendorCode, ISNULL(e.Name,x.PIVendorName) as VendorName, b.Description, c.factor, c.GST_Price As GSTPrice, x.*, b.Qty_On_Order as POQty_All, c1.Qty_On_Order as POQty_Loc, y.Cart_Date , CASE WHEN CHARINDEX('/', REVERSE(Audio1)) > 0 THEN RIGHT(Audio1, CHARINDEX('/', REVERSE(Audio1)) - 1) ELSE '' END AS AudioFilename1, '' as btnAudio1 , CASE WHEN CHARINDEX('/', REVERSE(Audio2)) > 0 THEN RIGHT(Audio2, CHARINDEX('/', REVERSE(Audio2)) - 1) ELSE '' END AS AudioFilename2, '' as btnAudio2  From My_Cart_item a  inner join MY_Cart y ON (a.Company_Code=y.Company_Code And a.Cart_No=y.Cart_No)  Inner Join In_stock b ON (a.Company_Code=b.Company_Code And a.Sku_No=b.Sku_No )  Inner Join In_stock_Uom c On (a.Company_Code=c.Company_Code And a.Sku_No=c.Sku_No And a.Uom=c.uom )  Left Outer Join In_stock_Location c1 On (y.Company_Code=c1.Company_Code And y.Location_Code=c1.Location_Code And a.Sku_No=c1.Sku_No )  inner join PI_Company_Location d on (y.Company_Code = d.Company_Code And y.Location_Code = d.Location_Code)   Left Outer Join ACC.dbo.AP_Vendor e ON (a.Vendor=e.Code And e.Company_Code=d.Company_No )   Outer apply(           Select Top 1 a1.Location_Code as PILoc, a1.Invoice_prelabel, a1.Quantity as  PIQty, a1.Unit_Cost, a1.Uom as PIUom, a1.Factor as PIFactor, a1.Unit_Discount_Rate, a1.Unit_Discount_Amount, b1.Currency, a1.Net_Amount,CN_Unit_Price, CN_Total_Amount           , Invoice_Date, a1.New_Cost, c1.Code as PIVendor, c1.Code + '-' + c1.Name as PIVendorName From Pr_Invoice_item a1            Inner Join PR_Invoice b1 On (a1.Company_Code=b1.Company_Code And a1.Invoice_PreLabel=b1.Invoice_PreLabel)            Inner Join PI_Company_Location l1 On (a1.Company_Code=l1.Company_Code And a1.Location_Code=l1.Location_Code)            Inner Join ACC.dbo.AP_Vendor c1 ON (b1.Vendor=c1.Code And c1.Company_Code=l1.Company_No )            Where b.Sku_No = a1.Sku_No And b.Company_Code = a1.Company_Code  AND y.Last_PI_Loction_Code LIKE  '%' + rtrim(a1.Location_Code) + '%'           Order by b1.Invoice_Date desc  ) x   Where a.Company_Code=1 AND a.Cart_No=''  Order by a.Ordering"
"8/11/2026 11:11:29 AM","sql_statement_completed","RMS",".Net SqlClient Data Provider","DESKTOP-T5HTV1I","vsnet2020","58","16778040","0.385000","0","Select Cast(0 as bit) as Selected,'' as [Delete],a.Ordering As No,Cast(a.Qty*a.Price as money) as Total_Amount, a.*, CASE WHEN ISNULL(a.Vendor,'')='' then ISNULL(x.PIVendor,'') else a.Vendor END as VendorCode, ISNULL(e.Name,x.PIVendorName) as VendorName, b.Description, c.factor, c.GST_Price As GSTPrice, x.*, b.Qty_On_Order as POQty_All, c1.Qty_On_Order as POQty_Loc, y.Cart_Date , CASE WHEN CHARINDEX('/', REVERSE(Audio1)) > 0 THEN RIGHT(Audio1, CHARINDEX('/', REVERSE(Audio1)) - 1) ELSE '' END AS AudioFilename1, '' as btnAudio1 , CASE WHEN CHARINDEX('/', REVERSE(Audio2)) > 0 THEN RIGHT(Audio2, CHARINDEX('/', REVERSE(Audio2)) - 1) ELSE '' END AS AudioFilename2, '' as btnAudio2  From My_Cart_item a  inner join MY_Cart y ON (a.Company_Code=y.Company_Code And a.Cart_No=y.Cart_No)  Inner Join In_stock b ON (a.Company_Code=b.Company_Code And a.Sku_No=b.Sku_No )  Inner Join In_stock_Uom c On (a.Company_Code=c.Company_Code And a.Sku_No=c.Sku_No And a.Uom=c.uom )  Left Outer Join In_stock_Location c1 On (y.Company_Code=c1.Company_Code And y.Location_Code=c1.Location_Code And a.Sku_No=c1.Sku_No )  inner join PI_Company_Location d on (y.Company_Code = d.Company_Code And y.Location_Code = d.Location_Code)   Left Outer Join ACC.dbo.AP_Vendor e ON (a.Vendor=e.Code And e.Company_Code=d.Company_No )   Outer apply(           Select Top 1 a1.Location_Code as PILoc, a1.Invoice_prelabel, a1.Quantity as  PIQty, a1.Unit_Cost, a1.Uom as PIUom, a1.Factor as PIFactor, a1.Unit_Discount_Rate, a1.Unit_Discount_Amount, b1.Currency, a1.Net_Amount,CN_Unit_Price, CN_Total_Amount           , Invoice_Date, a1.New_Cost, c1.Code as PIVendor, c1.Code + '-' + c1.Name as PIVendorName From Pr_Invoice_item a1            Inner Join PR_Invoice b1 On (a1.Company_Code=b1.Company_Code And a1.Invoice_PreLabel=b1.Invoice_PreLabel)            Inner Join PI_Company_Location l1 On (a1.Company_Code=l1.Company_Code And a1.Location_Code=l1.Location_Code)            Inner Join ACC.dbo.AP_Vendor c1 ON (b1.Vendor=c1.Code And c1.Company_Code=l1.Company_No )            Where b.Sku_No = a1.Sku_No And b.Company_Code = a1.Company_Code  AND y.Last_PI_Loction_Code LIKE  '%' + rtrim(a1.Location_Code) + '%'           Order by b1.Invoice_Date desc  ) x   Where a.Company_Code=1 AND a.Cart_No=''  Order by a.Ordering"
"8/11/2026 11:11:37 AM","rpc_completed","RMS",".Net SqlClient Data Provider","DESKTOP-T5HTV1I","vsnet2020","58","0","0.017000","0","exec sp_reset_connection"
"8/11/2026 11:11:37 AM","rpc_completed","RMS",".Net SqlClient Data Provider","DESKTOP-T5HTV1I","vsnet2020","58","0","72.130000","2","exec [RMS].[sys].[sp_procedure_params_100_managed] @procedure_name=N'In_Stock_Setup_Sel'"
"8/11/2026 11:11:37 AM","rpc_completed","RMS",".Net SqlClient Data Provider","DESKTOP-T5HTV1I","vsnet2020","58","0","0.005000","0","exec sp_reset_connection"
"8/11/2026 11:11:37 AM","rpc_completed","RMS",".Net SqlClient Data Provider","DESKTOP-T5HTV1I","vsnet2020","58","0","71.468000","1","exec In_Stock_Setup_Sel @CompanyCode=1"
"8/11/2026 11:11:37 AM","rpc_completed","RMS",".Net SqlClient Data Provider","DESKTOP-T5HTV1I","vsnet2020","58","0","0.007000","0","exec sp_reset_connection"
"8/11/2026 11:11:37 AM","rpc_completed","RMS",".Net SqlClient Data Provider","DESKTOP-T5HTV1I","vsnet2020","58","0","0.003000","0","exec sp_reset_connection"
"8/11/2026 11:11:37 AM","sql_statement_completed","RMS",".Net SqlClient Data Provider","DESKTOP-T5HTV1I","vsnet2020","58","0","0.210000","1","SELECT * FROM In_Secret_Code WHERE Company_Code=1"
"8/11/2026 11:11:37 AM","sql_batch_completed","RMS",".Net SqlClient Data Provider","DESKTOP-T5HTV1I","vsnet2020","58","0","1.488000","1","SELECT * FROM In_Secret_Code WHERE Company_Code=1"
"8/11/2026 11:11:37 AM","sql_batch_completed","RMS",".Net SqlClient Data Provider","DESKTOP-T5HTV1I","vsnet2020","58","0","0.779000","1","SELECT * FROM PI_Counter WHERE Company_Code=1 AND Counter_Name='Expiry_Batch_No'"
"8/11/2026 11:11:37 AM","sql_statement_completed","RMS",".Net SqlClient Data Provider","DESKTOP-T5HTV1I","vsnet2020","58","0","0.484000","1","SELECT * FROM PI_Counter WHERE Company_Code=1 AND Counter_Name='Expiry_Batch_No'"
"8/11/2026 11:11:37 AM","rpc_completed","RMS",".Net SqlClient Data Provider","DESKTOP-T5HTV1I","vsnet2020","58","0","0.002000","0","exec sp_reset_connection"
"8/11/2026 11:11:37 AM","rpc_completed","RMS",".Net SqlClient Data Provider","DESKTOP-T5HTV1I","vsnet2020","58","0","0.007000","0","exec sp_reset_connection"
"8/11/2026 11:11:37 AM","sql_statement_completed","RMS",".Net SqlClient Data Provider","DESKTOP-T5HTV1I","vsnet2020","58","0","0.539000","11","SELECT * FROM SY_Signature WHERE Company_Code=1"
"8/11/2026 11:11:37 AM","sql_batch_completed","RMS",".Net SqlClient Data Provider","DESKTOP-T5HTV1I","vsnet2020","58","0","1.892000","11","SELECT * FROM SY_Signature WHERE Company_Code=1"
"8/11/2026 11:11:37 AM","sql_batch_completed","RMS",".Net SqlClient Data Provider","DESKTOP-T5HTV1I","vsnet2020","58","0","2.027000","0","SELECT * FROM sy_WEB_RP_Signature WHERE Company_Code=1"
"8/11/2026 11:11:37 AM","sql_statement_completed","RMS",".Net SqlClient Data Provider","DESKTOP-T5HTV1I","vsnet2020","58","0","0.080000","0","SELECT * FROM sy_WEB_RP_Signature WHERE Company_Code=1"
"8/11/2026 11:11:37 AM","rpc_completed","RMS",".Net SqlClient Data Provider","DESKTOP-T5HTV1I","vsnet2020","58","0","0.007000","0","exec sp_reset_connection"
"8/11/2026 11:11:37 AM","sql_statement_completed","RMS",".Net SqlClient Data Provider","DESKTOP-T5HTV1I","vsnet2020","58","0","0.078000","0","SELECT * FROM sy_WEB_RO_Signature WHERE Company_Code=1"
"8/11/2026 11:11:37 AM","sql_batch_completed","RMS",".Net SqlClient Data Provider","DESKTOP-T5HTV1I","vsnet2020","58","0","2.155000","0","SELECT * FROM sy_WEB_RO_Signature WHERE Company_Code=1"
"8/11/2026 11:11:37 AM","rpc_completed","RMS",".Net SqlClient Data Provider","DESKTOP-T5HTV1I","vsnet2020","58","0","0.007000","0","exec sp_reset_connection"
"8/11/2026 11:11:37 AM","rpc_completed","RMS",".Net SqlClient Data Provider","DESKTOP-T5HTV1I","vsnet2020","58","0","0.003000","0","exec sp_reset_connection"
"8/11/2026 11:11:37 AM","sql_batch_completed","RMS",".Net SqlClient Data Provider","DESKTOP-T5HTV1I","vsnet2020","58","0","1.592000","0","SELECT * FROM sy_WEB_PL_Signature WHERE Company_Code=1"
"8/11/2026 11:11:37 AM","sql_statement_completed","RMS",".Net SqlClient Data Provider","DESKTOP-T5HTV1I","vsnet2020","58","0","0.074000","0","SELECT * FROM sy_WEB_PL_Signature WHERE Company_Code=1"
"8/11/2026 11:11:37 AM","sql_statement_completed","RMS",".Net SqlClient Data Provider","DESKTOP-T5HTV1I","vsnet2020","58","0","0.279000","4","SELECT * FROM AD_Adjustment_Signature WHERE Company_Code=1"
"8/11/2026 11:11:37 AM","sql_statement_completed","RMS",".Net SqlClient Data Provider","DESKTOP-T5HTV1I","vsnet2020","58","0","0.046000","0","SELECT * FROM In_Requisition_Signature WHERE Company_Code=1"
"8/11/2026 11:11:37 AM","sql_batch_completed","RMS",".Net SqlClient Data Provider","DESKTOP-T5HTV1I","vsnet2020","58","0","1.171000","4","SELECT * FROM AD_Adjustment_Signature WHERE Company_Code=1"
"8/11/2026 11:11:37 AM","sql_batch_completed","RMS",".Net SqlClient Data Provider","DESKTOP-T5HTV1I","vsnet2020","58","0","0.568000","0","SELECT * FROM In_Requisition_Signature WHERE Company_Code=1"
"8/11/2026 11:11:37 AM","rpc_completed","RMS",".Net SqlClient Data Provider","DESKTOP-T5HTV1I","vsnet2020","58","0","0.002000","0","exec sp_reset_connection"
"8/11/2026 11:11:37 AM","rpc_completed","RMS",".Net SqlClient Data Provider","DESKTOP-T5HTV1I","vsnet2020","58","0","0.002000","0","exec sp_reset_connection"
"8/11/2026 11:11:37 AM","rpc_completed","RMS",".Net SqlClient Data Provider","DESKTOP-T5HTV1I","vsnet2020","58","0","0.001000","0","exec sp_reset_connection"
"8/11/2026 11:11:37 AM","rpc_completed","RMS",".Net SqlClient Data Provider","DESKTOP-T5HTV1I","vsnet2020","58","0","0.001000","0","exec sp_reset_connection"
"8/11/2026 11:11:37 AM","rpc_completed","RMS",".Net SqlClient Data Provider","DESKTOP-T5HTV1I","vsnet2020","58","0","0.002000","0","exec sp_reset_connection"
"8/11/2026 11:11:37 AM","sql_batch_completed","RMS",".Net SqlClient Data Provider","DESKTOP-T5HTV1I","vsnet2020","58","0","0.047000","0","SELECT * FROM In_Stock_Signature WHERE Module='AC' AND Company_Code=1"
"8/11/2026 11:11:37 AM","sql_batch_completed","RMS",".Net SqlClient Data Provider","DESKTOP-T5HTV1I","vsnet2020","58","0","0.050000","0","SELECT * FROM In_Stock_Signature WHERE Module='SC' AND Company_Code=1"
"8/11/2026 11:11:37 AM","sql_batch_completed","RMS",".Net SqlClient Data Provider","DESKTOP-T5HTV1I","vsnet2020","58","0","0.558000","0","SELECT * FROM In_Stock_Signature WHERE Module='SB' AND Company_Code=1"
"8/11/2026 11:11:37 AM","sql_statement_completed","RMS",".Net SqlClient Data Provider","DESKTOP-T5HTV1I","vsnet2020","58","0","0.010000","0","SELECT * FROM In_Stock_Signature WHERE Module='SC' AND Company_Code=1"
"8/11/2026 11:11:37 AM","sql_statement_completed","RMS",".Net SqlClient Data Provider","DESKTOP-T5HTV1I","vsnet2020","58","0","0.050000","0","SELECT * FROM In_Stock_Signature WHERE Module='SB' AND Company_Code=1"
"8/11/2026 11:11:37 AM","sql_statement_completed","RMS",".Net SqlClient Data Provider","DESKTOP-T5HTV1I","vsnet2020","58","0","0.008000","0","SELECT * FROM In_Stock_Signature WHERE Module='AC' AND Company_Code=1"
"8/11/2026 11:11:37 AM","sql_statement_completed","RMS",".Net SqlClient Data Provider","DESKTOP-T5HTV1I","vsnet2020","58","16778755","0.352000","0","SELECT a.user_id, a.full_name, b.access_control, b.purchase_limit FROM PI_Users AS a LEFT OUTER JOIN In_Inventory_Control AS b ON (b.user_id = a.user_id) WHERE Company_Code=1 ORDER BY a.user_id"
"8/11/2026 11:11:37 AM","sql_batch_completed","RMS",".Net SqlClient Data Provider","DESKTOP-T5HTV1I","vsnet2020","58","0","2.912000","0","SELECT a.user_id, a.full_name, b.access_control, b.purchase_limit FROM PI_Users AS a LEFT OUTER JOIN In_Inventory_Control AS b ON (b.user_id = a.user_id) WHERE Company_Code=1 ORDER BY a.user_id "
"8/11/2026 11:11:37 AM","sql_batch_completed","RMS",".Net SqlClient Data Provider","DESKTOP-T5HTV1I","vsnet2020","58","0","0.450000","1","Select Costing_Exclude_Tax from PR_Setup Where Company_Code=1"
"8/11/2026 11:11:37 AM","sql_statement_completed","RMS",".Net SqlClient Data Provider","DESKTOP-T5HTV1I","vsnet2020","58","0","0.039000","1","Select Costing_Exclude_Tax from PR_Setup Where Company_Code=1"
"8/11/2026 11:11:37 AM","rpc_completed","RMS",".Net SqlClient Data Provider","DESKTOP-T5HTV1I","vsnet2020","58","0","0.003000","0","exec sp_reset_connection"
"8/11/2026 11:11:38 AM","rpc_completed","RMS",".Net SqlClient Data Provider","DESKTOP-T5HTV1I","vsnet2020","58","0","0.005000","0","exec sp_reset_connection"
"8/11/2026 11:11:38 AM","rpc_completed","RMS",".Net SqlClient Data Provider","DESKTOP-T5HTV1I","vsnet2020","58","0","0.005000","0","exec sp_reset_connection"
"8/11/2026 11:11:38 AM","rpc_completed","RMS",".Net SqlClient Data Provider","DESKTOP-T5HTV1I","vsnet2020","58","0","0.589000","2","exec [RMS].[sys].[sp_procedure_params_100_managed] @procedure_name=N'MP_Setup_Sel'"
"8/11/2026 11:11:38 AM","rpc_completed","RMS",".Net SqlClient Data Provider","DESKTOP-T5HTV1I","vsnet2020","58","0","16.098000","1","exec MP_Setup_Sel @CompanyCode=1"
"8/11/2026 11:11:38 AM","rpc_completed","RMS",".Net SqlClient Data Provider","DESKTOP-T5HTV1I","vsnet2020","58","0","0.020000","0","exec sp_reset_connection"
"8/11/2026 11:11:38 AM","sql_statement_completed","RMS",".Net SqlClient Data Provider","DESKTOP-T5HTV1I","vsnet2020","58","0","0.024000","11","SELECT * FROM SY_Signature WHERE Company_Code=1"
"8/11/2026 11:11:38 AM","sql_batch_completed","RMS",".Net SqlClient Data Provider","DESKTOP-T5HTV1I","vsnet2020","58","0","0.037000","11","SELECT * FROM SY_Signature WHERE Company_Code=1"
"8/11/2026 11:11:38 AM","rpc_completed","RMS",".Net SqlClient Data Provider","DESKTOP-T5HTV1I","vsnet2020","58","0","0.001000","0","exec sp_reset_connection"
"8/11/2026 11:11:38 AM","rpc_completed","RMS",".Net SqlClient Data Provider","DESKTOP-T5HTV1I","vsnet2020","58","0","0.002000","0","exec sp_reset_connection"
"8/11/2026 11:11:38 AM","sql_batch_completed","RMS",".Net SqlClient Data Provider","DESKTOP-T5HTV1I","vsnet2020","58","0","1.230000","4","SELECT * FROM MP_Quote_Signature WHERE Company_Code = 1"
"8/11/2026 11:11:38 AM","sql_statement_completed","RMS",".Net SqlClient Data Provider","DESKTOP-T5HTV1I","vsnet2020","58","0","0.233000","4","SELECT * FROM MP_Quote_Signature WHERE Company_Code = 1"
"8/11/2026 11:11:38 AM","sql_statement_completed","RMS",".Net SqlClient Data Provider","DESKTOP-T5HTV1I","vsnet2020","58","0","0.022000","0","SELECT * FROM MP_SO_Signature WHERE Company_Code = 1"
"8/11/2026 11:11:38 AM","sql_batch_completed","RMS",".Net SqlClient Data Provider","DESKTOP-T5HTV1I","vsnet2020","58","0","0.765000","0","SELECT * FROM MP_SO_Signature WHERE Company_Code = 1"
"8/11/2026 11:11:38 AM","rpc_completed","RMS",".Net SqlClient Data Provider","DESKTOP-T5HTV1I","vsnet2020","58","0","0.002000","0","exec sp_reset_connection"
"8/11/2026 11:11:38 AM","rpc_completed","RMS",".Net SqlClient Data Provider","DESKTOP-T5HTV1I","vsnet2020","58","0","0.002000","0","exec sp_reset_connection"
"8/11/2026 11:11:38 AM","sql_batch_completed","RMS",".Net SqlClient Data Provider","DESKTOP-T5HTV1I","vsnet2020","58","0","1.028000","4","SELECT * FROM MP_DO_Signature WHERE Company_Code = 1"
"8/11/2026 11:11:38 AM","sql_statement_completed","RMS",".Net SqlClient Data Provider","DESKTOP-T5HTV1I","vsnet2020","58","0","0.257000","4","SELECT * FROM MP_DO_Signature WHERE Company_Code = 1"
"8/11/2026 11:11:38 AM","sql_statement_completed","RMS",".Net SqlClient Data Provider","DESKTOP-T5HTV1I","vsnet2020","58","0","0.327000","4","SELECT * FROM MP_Invoice_Signature WHERE Company_Code = 1"
"8/11/2026 11:11:38 AM","sql_batch_completed","RMS",".Net SqlClient Data Provider","DESKTOP-T5HTV1I","vsnet2020","58","0","1.146000","4","SELECT * FROM MP_Invoice_Signature WHERE Company_Code = 1"
"8/11/2026 11:11:38 AM","rpc_completed","RMS",".Net SqlClient Data Provider","DESKTOP-T5HTV1I","vsnet2020","58","0","0.003000","0","exec sp_reset_connection"
"8/11/2026 11:11:38 AM","rpc_completed","RMS",".Net SqlClient Data Provider","DESKTOP-T5HTV1I","vsnet2020","58","0","0.002000","0","exec sp_reset_connection"
"8/11/2026 11:11:38 AM","sql_batch_completed","RMS",".Net SqlClient Data Provider","DESKTOP-T5HTV1I","vsnet2020","58","0","0.895000","0","SELECT * FROM MP_Pick_Signature WHERE Company_Code = 1"
"8/11/2026 11:11:38 AM","sql_statement_completed","RMS",".Net SqlClient Data Provider","DESKTOP-T5HTV1I","vsnet2020","58","0","0.028000","0","SELECT * FROM MP_Pick_Signature WHERE Company_Code = 1"
"8/11/2026 11:11:38 AM","sql_statement_completed","RMS",".Net SqlClient Data Provider","DESKTOP-T5HTV1I","vsnet2020","58","0","0.047000","0","SELECT * FROM MP_SO_Pick_Signature WHERE Company_Code = 1"
"8/11/2026 11:11:38 AM","sql_batch_completed","RMS",".Net SqlClient Data Provider","DESKTOP-T5HTV1I","vsnet2020","58","0","0.648000","0","SELECT * FROM MP_SO_Pick_Signature WHERE Company_Code = 1"
"8/11/2026 11:11:38 AM","rpc_completed","RMS",".Net SqlClient Data Provider","DESKTOP-T5HTV1I","vsnet2020","58","0","0.002000","0","exec sp_reset_connection"
"8/11/2026 11:11:38 AM","rpc_completed","RMS",".Net SqlClient Data Provider","DESKTOP-T5HTV1I","vsnet2020","58","0","0.002000","0","exec sp_reset_connection"
"8/11/2026 11:11:38 AM","rpc_completed","RMS",".Net SqlClient Data Provider","DESKTOP-T5HTV1I","vsnet2020","58","0","0.002000","0","exec sp_reset_connection"
"8/11/2026 11:11:38 AM","sql_batch_completed","RMS",".Net SqlClient Data Provider","DESKTOP-T5HTV1I","vsnet2020","58","0","0.602000","0","SELECT * FROM MP_SQ_Pick_Signature WHERE Company_Code = 1"
"8/11/2026 11:11:38 AM","sql_batch_completed","RMS",".Net SqlClient Data Provider","DESKTOP-T5HTV1I","vsnet2020","58","0","0.739000","0","SELECT * FROM MP_SD_Pick_Signature WHERE Company_Code = 1"
"8/11/2026 11:11:38 AM","sql_statement_completed","RMS",".Net SqlClient Data Provider","DESKTOP-T5HTV1I","vsnet2020","58","0","0.024000","0","SELECT * FROM MP_SD_Pick_Signature WHERE Company_Code = 1"
"8/11/2026 11:11:38 AM","sql_statement_completed","RMS",".Net SqlClient Data Provider","DESKTOP-T5HTV1I","vsnet2020","58","0","0.050000","0","SELECT * FROM MP_SQ_Pick_Signature WHERE Company_Code = 1"
"8/11/2026 11:11:38 AM","sql_statement_completed","RMS",".Net SqlClient Data Provider","DESKTOP-T5HTV1I","vsnet2020","58","0","0.325000","1","SELECT * FROM PI_Report_Copy WHERE Company_Code = 1 AND Type = 'SD'"
"8/11/2026 11:11:38 AM","sql_batch_completed","RMS",".Net SqlClient Data Provider","DESKTOP-T5HTV1I","vsnet2020","58","0","0.820000","1","SELECT * FROM PI_Report_Copy WHERE Company_Code = 1 AND Type = 'SD'"
"8/11/2026 11:11:38 AM","rpc_completed","RMS",".Net SqlClient Data Provider","DESKTOP-T5HTV1I","vsnet2020","58","0","0.002000","0","exec sp_reset_connection"
"8/11/2026 11:11:38 AM","rpc_completed","RMS",".Net SqlClient Data Provider","DESKTOP-T5HTV1I","vsnet2020","58","0","0.002000","0","exec sp_reset_connection"
"8/11/2026 11:11:38 AM","sql_batch_completed","RMS",".Net SqlClient Data Provider","DESKTOP-T5HTV1I","vsnet2020","58","0","0.090000","1","SELECT * FROM PI_Report_Copy WHERE Company_Code = 1 AND Type = 'SI'"
"8/11/2026 11:11:38 AM","sql_statement_completed","RMS",".Net SqlClient Data Provider","DESKTOP-T5HTV1I","vsnet2020","58","0","0.013000","1","SELECT * FROM PI_Report_Copy WHERE Company_Code = 1 AND Type = 'SI'"
"8/11/2026 11:11:38 AM","sql_statement_completed","RMS",".Net SqlClient Data Provider","DESKTOP-T5HTV1I","vsnet2020","58","16778929","0.332000","0","SELECT a.*, b.full_name FROM MP_Access_Control AS a INNER JOIN PI_Users AS b ON (a.user_id = b.user_id) ORDER BY a.user_id"
"8/11/2026 11:11:38 AM","sql_batch_completed","RMS",".Net SqlClient Data Provider","DESKTOP-T5HTV1I","vsnet2020","58","0","1.784000","0","SELECT a.*, b.full_name FROM MP_Access_Control AS a INNER JOIN PI_Users AS b ON (a.user_id = b.user_id) ORDER BY a.user_id"
"8/11/2026 11:11:38 AM","rpc_completed","RMS",".Net SqlClient Data Provider","DESKTOP-T5HTV1I","vsnet2020","58","0","0.007000","0","exec sp_reset_connection"
"8/11/2026 11:11:38 AM","rpc_completed","RMS",".Net SqlClient Data Provider","DESKTOP-T5HTV1I","vsnet2020","58","0","0.006000","0","exec sp_reset_connection"
"8/11/2026 11:11:38 AM","sql_batch_completed","RMS",".Net SqlClient Data Provider","DESKTOP-T5HTV1I","vsnet2020","58","0","1.233000","1","SELECT MP_Serial_No_Opt  FROM In_Stock_Setup WHERE Company_Code=1"
"8/11/2026 11:11:38 AM","sql_statement_completed","RMS",".Net SqlClient Data Provider","DESKTOP-T5HTV1I","vsnet2020","58","0","0.061000","1","SELECT MP_Serial_No_Opt  FROM In_Stock_Setup WHERE Company_Code=1"
"8/11/2026 11:11:38 AM","sql_statement_completed","RMS",".Net SqlClient Data Provider","DESKTOP-T5HTV1I","vsnet2020","58","0","0.065000","1","SELECT MP_Batch_Exp_Opt  FROM In_Stock_Setup WHERE Company_Code=1"
"8/11/2026 11:11:38 AM","sql_batch_completed","RMS",".Net SqlClient Data Provider","DESKTOP-T5HTV1I","vsnet2020","58","0","1.412000","1","SELECT MP_Batch_Exp_Opt  FROM In_Stock_Setup WHERE Company_Code=1"
"8/11/2026 11:11:38 AM","rpc_completed","RMS",".Net SqlClient Data Provider","DESKTOP-T5HTV1I","vsnet2020","58","0","0.007000","0","exec sp_reset_connection"
"8/11/2026 11:11:38 AM","sql_batch_completed","RMS",".Net SqlClient Data Provider","DESKTOP-T5HTV1I","vsnet2020","58","0","1.688000","1","SELECT MP_Return_Due_Opt FROM In_Stock_Setup WHERE Company_Code=1"
"8/11/2026 11:11:38 AM","sql_statement_completed","RMS",".Net SqlClient Data Provider","DESKTOP-T5HTV1I","vsnet2020","58","0","0.076000","1","SELECT MP_Return_Due_Opt FROM In_Stock_Setup WHERE Company_Code=1"
"8/11/2026 11:11:38 AM","rpc_completed","RMS",".Net SqlClient Data Provider","DESKTOP-T5HTV1I","vsnet2020","58","0","0.010000","0","exec sp_reset_connection"
"8/11/2026 11:11:38 AM","sql_statement_completed","RMS",".Net SqlClient Data Provider","DESKTOP-T5HTV1I","vsnet2020","58","0","0.142000","1","SELECT Current_Member_Type,Current_Reward_type FROM MS_Setup WHERE Company_Code=1"
"8/11/2026 11:11:38 AM","sql_batch_completed","RMS",".Net SqlClient Data Provider","DESKTOP-T5HTV1I","vsnet2020","58","0","6.731000","1","SELECT Current_Member_Type,Current_Reward_type FROM MS_Setup WHERE Company_Code=1"
"8/11/2026 11:11:38 AM","rpc_completed","RMS",".Net SqlClient Data Provider","DESKTOP-T5HTV1I","vsnet2020","58","0","0.009000","0","exec sp_reset_connection"
"8/11/2026 11:11:38 AM","sql_batch_completed","RMS",".Net SqlClient Data Provider","DESKTOP-T5HTV1I","vsnet2020","58","0","9.186000","0","SELECT a.Company_Code, a.Sku_No, a.Uom, c.Description AS UomDesc, CASE WHEN a.Uom = (SELECT Uom FROM In_Stock_Plu WHERE Company_Code=a.Company_Code AND Sku_No=a.Sku_No AND Plu_No='') THEN 'Y' ELSE 'N' END AS PluUom FROM In_Stock_Uom a LEFT OUTER JOIN PI_Uom c ON (a.Company_Code=c.Company_Code AND a.Uom=c.Uom) WHERE a.Company_Code=1 AND a.Sku_No= (SELECT Sku_No FROM In_Stock_Plu WHERE Company_Code=a.Company_Code AND Plu_No='')"
"8/11/2026 11:11:38 AM","sql_statement_completed","RMS",".Net SqlClient Data Provider","DESKTOP-T5HTV1I","vsnet2020","58","16779008","0.450000","0","SELECT a.Company_Code, a.Sku_No, a.Uom, c.Description AS UomDesc, CASE WHEN a.Uom = (SELECT Uom FROM In_Stock_Plu WHERE Company_Code=a.Company_Code AND Sku_No=a.Sku_No AND Plu_No='') THEN 'Y' ELSE 'N' END AS PluUom FROM In_Stock_Uom a LEFT OUTER JOIN PI_Uom c ON (a.Company_Code=c.Company_Code AND a.Uom=c.Uom) WHERE a.Company_Code=1 AND a.Sku_No= (SELECT Sku_No FROM In_Stock_Plu WHERE Company_Code=a.Company_Code AND Plu_No='')"
"8/11/2026 11:11:38 AM","sql_batch_completed","RMS",".Net SqlClient Data Provider","DESKTOP-T5HTV1I","vsnet2020","60","0","0.028000","0","SELECT a.Company_Code, a.Sku_No, a.Uom, c.Description AS UomDesc, CASE WHEN a.Uom = (SELECT Uom FROM In_Stock_Plu WHERE Company_Code=a.Company_Code AND Sku_No=a.Sku_No AND Plu_No='') THEN 'Y' ELSE 'N' END AS PluUom FROM In_Stock_Uom a LEFT OUTER JOIN PI_Uom c ON (a.Company_Code=c.Company_Code AND a.Uom=c.Uom) WHERE a.Company_Code=1 AND a.Sku_No= (SELECT Sku_No FROM In_Stock_Plu WHERE Company_Code=a.Company_Code AND Plu_No='')"
"8/11/2026 11:11:38 AM","sql_statement_completed","RMS",".Net SqlClient Data Provider","DESKTOP-T5HTV1I","vsnet2020","60","16779009","0.018000","0","SELECT a.Company_Code, a.Sku_No, a.Uom, c.Description AS UomDesc, CASE WHEN a.Uom = (SELECT Uom FROM In_Stock_Plu WHERE Company_Code=a.Company_Code AND Sku_No=a.Sku_No AND Plu_No='') THEN 'Y' ELSE 'N' END AS PluUom FROM In_Stock_Uom a LEFT OUTER JOIN PI_Uom c ON (a.Company_Code=c.Company_Code AND a.Uom=c.Uom) WHERE a.Company_Code=1 AND a.Sku_No= (SELECT Sku_No FROM In_Stock_Plu WHERE Company_Code=a.Company_Code AND Plu_No='')"
"8/11/2026 11:11:38 AM","rpc_completed","RMS",".Net SqlClient Data Provider","DESKTOP-T5HTV1I","vsnet2020","60","0","0.004000","0","exec sp_reset_connection"
"8/11/2026 11:11:38 AM","sql_batch_completed","RMS",".Net SqlClient Data Provider","DESKTOP-T5HTV1I","vsnet2020","63","0","0.051000","0","SELECT a.Company_Code, a.Sku_No, a.Uom, c.Description AS UomDesc, CASE WHEN a.Uom = (SELECT Uom FROM In_Stock_Plu WHERE Company_Code=a.Company_Code AND Sku_No=a.Sku_No AND Plu_No='') THEN 'Y' ELSE 'N' END AS PluUom FROM In_Stock_Uom a LEFT OUTER JOIN PI_Uom c ON (a.Company_Code=c.Company_Code AND a.Uom=c.Uom) WHERE a.Company_Code=1 AND a.Sku_No= (SELECT Sku_No FROM In_Stock_Plu WHERE Company_Code=a.Company_Code AND Plu_No='')"
"8/11/2026 11:11:38 AM","sql_statement_completed","RMS",".Net SqlClient Data Provider","DESKTOP-T5HTV1I","vsnet2020","63","16779013","0.028000","0","SELECT a.Company_Code, a.Sku_No, a.Uom, c.Description AS UomDesc, CASE WHEN a.Uom = (SELECT Uom FROM In_Stock_Plu WHERE Company_Code=a.Company_Code AND Sku_No=a.Sku_No AND Plu_No='') THEN 'Y' ELSE 'N' END AS PluUom FROM In_Stock_Uom a LEFT OUTER JOIN PI_Uom c ON (a.Company_Code=c.Company_Code AND a.Uom=c.Uom) WHERE a.Company_Code=1 AND a.Sku_No= (SELECT Sku_No FROM In_Stock_Plu WHERE Company_Code=a.Company_Code AND Plu_No='')"
"8/11/2026 11:11:38 AM","sql_statement_completed","RMS",".Net SqlClient Data Provider","DESKTOP-T5HTV1I","vsnet2020","65","16779017","0.023000","0","SELECT a.Company_Code, a.Sku_No, a.Uom, c.Description AS UomDesc, CASE WHEN a.Uom = (SELECT Uom FROM In_Stock_Plu WHERE Company_Code=a.Company_Code AND Sku_No=a.Sku_No AND Plu_No='') THEN 'Y' ELSE 'N' END AS PluUom FROM In_Stock_Uom a LEFT OUTER JOIN PI_Uom c ON (a.Company_Code=c.Company_Code AND a.Uom=c.Uom) WHERE a.Company_Code=1 AND a.Sku_No= (SELECT Sku_No FROM In_Stock_Plu WHERE Company_Code=a.Company_Code AND Plu_No='')"
"8/11/2026 11:11:38 AM","sql_batch_completed","RMS",".Net SqlClient Data Provider","DESKTOP-T5HTV1I","vsnet2020","65","0","0.041000","0","SELECT a.Company_Code, a.Sku_No, a.Uom, c.Description AS UomDesc, CASE WHEN a.Uom = (SELECT Uom FROM In_Stock_Plu WHERE Company_Code=a.Company_Code AND Sku_No=a.Sku_No AND Plu_No='') THEN 'Y' ELSE 'N' END AS PluUom FROM In_Stock_Uom a LEFT OUTER JOIN PI_Uom c ON (a.Company_Code=c.Company_Code AND a.Uom=c.Uom) WHERE a.Company_Code=1 AND a.Sku_No= (SELECT Sku_No FROM In_Stock_Plu WHERE Company_Code=a.Company_Code AND Plu_No='')"
"8/11/2026 11:11:38 AM","sql_batch_completed","RMS",".Net SqlClient Data Provider","DESKTOP-T5HTV1I","vsnet2020","66","0","0.027000","0","SELECT a.Company_Code, a.Sku_No, a.Uom, c.Description AS UomDesc, CASE WHEN a.Uom = (SELECT Uom FROM In_Stock_Plu WHERE Company_Code=a.Company_Code AND Sku_No=a.Sku_No AND Plu_No='') THEN 'Y' ELSE 'N' END AS PluUom FROM In_Stock_Uom a LEFT OUTER JOIN PI_Uom c ON (a.Company_Code=c.Company_Code AND a.Uom=c.Uom) WHERE a.Company_Code=1 AND a.Sku_No= (SELECT Sku_No FROM In_Stock_Plu WHERE Company_Code=a.Company_Code AND Plu_No='')"
"8/11/2026 11:11:38 AM","sql_statement_completed","RMS",".Net SqlClient Data Provider","DESKTOP-T5HTV1I","vsnet2020","66","16779021","0.016000","0","SELECT a.Company_Code, a.Sku_No, a.Uom, c.Description AS UomDesc, CASE WHEN a.Uom = (SELECT Uom FROM In_Stock_Plu WHERE Company_Code=a.Company_Code AND Sku_No=a.Sku_No AND Plu_No='') THEN 'Y' ELSE 'N' END AS PluUom FROM In_Stock_Uom a LEFT OUTER JOIN PI_Uom c ON (a.Company_Code=c.Company_Code AND a.Uom=c.Uom) WHERE a.Company_Code=1 AND a.Sku_No= (SELECT Sku_No FROM In_Stock_Plu WHERE Company_Code=a.Company_Code AND Plu_No='')"
"8/11/2026 11:11:38 AM","sql_statement_completed","RMS",".Net SqlClient Data Provider","DESKTOP-T5HTV1I","vsnet2020","67","16779025","0.019000","0","SELECT a.Company_Code, a.Sku_No, a.Uom, c.Description AS UomDesc, CASE WHEN a.Uom = (SELECT Uom FROM In_Stock_Plu WHERE Company_Code=a.Company_Code AND Sku_No=a.Sku_No AND Plu_No='') THEN 'Y' ELSE 'N' END AS PluUom FROM In_Stock_Uom a LEFT OUTER JOIN PI_Uom c ON (a.Company_Code=c.Company_Code AND a.Uom=c.Uom) WHERE a.Company_Code=1 AND a.Sku_No= (SELECT Sku_No FROM In_Stock_Plu WHERE Company_Code=a.Company_Code AND Plu_No='')"
"8/11/2026 11:11:38 AM","sql_batch_completed","RMS",".Net SqlClient Data Provider","DESKTOP-T5HTV1I","vsnet2020","67","0","0.032000","0","SELECT a.Company_Code, a.Sku_No, a.Uom, c.Description AS UomDesc, CASE WHEN a.Uom = (SELECT Uom FROM In_Stock_Plu WHERE Company_Code=a.Company_Code AND Sku_No=a.Sku_No AND Plu_No='') THEN 'Y' ELSE 'N' END AS PluUom FROM In_Stock_Uom a LEFT OUTER JOIN PI_Uom c ON (a.Company_Code=c.Company_Code AND a.Uom=c.Uom) WHERE a.Company_Code=1 AND a.Sku_No= (SELECT Sku_No FROM In_Stock_Plu WHERE Company_Code=a.Company_Code AND Plu_No='')"
"8/11/2026 11:11:38 AM","sql_batch_completed","RMS",".Net SqlClient Data Provider","DESKTOP-T5HTV1I","vsnet2020","68","0","0.041000","11","SELECT * FROM SY_Signature WHERE Company_Code=1"
"8/11/2026 11:11:38 AM","sql_statement_completed","RMS",".Net SqlClient Data Provider","DESKTOP-T5HTV1I","vsnet2020","68","0","0.032000","11","SELECT * FROM SY_Signature WHERE Company_Code=1"
"8/11/2026 11:11:38 AM","sql_statement_completed","RMS",".Net SqlClient Data Provider","DESKTOP-T5HTV1I","vsnet2020","69","0","0.068000","0","SELECT * FROM SY_Pos_Signature WHERE Company_Code = 1"
"8/11/2026 11:11:38 AM","sql_batch_completed","RMS",".Net SqlClient Data Provider","DESKTOP-T5HTV1I","vsnet2020","69","0","1.240000","0","SELECT * FROM SY_Pos_Signature WHERE Company_Code = 1"
"8/11/2026 11:11:38 AM","sql_batch_completed","RMS",".Net SqlClient Data Provider","DESKTOP-T5HTV1I","vsnet2020","70","0","1.829000","0","SELECT * FROM SY_Pos_Web_Signature WHERE Company_Code = 1"
"8/11/2026 11:11:38 AM","sql_statement_completed","RMS",".Net SqlClient Data Provider","DESKTOP-T5HTV1I","vsnet2020","70","0","0.052000","0","SELECT * FROM SY_Pos_Web_Signature WHERE Company_Code = 1"
"8/11/2026 11:11:38 AM","sql_statement_completed","RMS",".Net SqlClient Data Provider","DESKTOP-T5HTV1I","vsnet2020","71","16779045","0.034000","0","SELECT a.Company_Code, a.Sku_No, a.Uom, c.Description AS UomDesc, CASE WHEN a.Uom = (SELECT Uom FROM In_Stock_Plu WHERE Company_Code=a.Company_Code AND Sku_No=a.Sku_No AND Plu_No='') THEN 'Y' ELSE 'N' END AS PluUom FROM In_Stock_Uom a LEFT OUTER JOIN PI_Uom c ON (a.Company_Code=c.Company_Code AND a.Uom=c.Uom) WHERE a.Company_Code=1 AND a.Sku_No= (SELECT Sku_No FROM In_Stock_Plu WHERE Company_Code=a.Company_Code AND Plu_No='')"
"8/11/2026 11:11:38 AM","sql_batch_completed","RMS",".Net SqlClient Data Provider","DESKTOP-T5HTV1I","vsnet2020","71","0","0.091000","0","SELECT a.Company_Code, a.Sku_No, a.Uom, c.Description AS UomDesc, CASE WHEN a.Uom = (SELECT Uom FROM In_Stock_Plu WHERE Company_Code=a.Company_Code AND Sku_No=a.Sku_No AND Plu_No='') THEN 'Y' ELSE 'N' END AS PluUom FROM In_Stock_Uom a LEFT OUTER JOIN PI_Uom c ON (a.Company_Code=c.Company_Code AND a.Uom=c.Uom) WHERE a.Company_Code=1 AND a.Sku_No= (SELECT Sku_No FROM In_Stock_Plu WHERE Company_Code=a.Company_Code AND Plu_No='')"
"8/11/2026 11:11:38 AM","rpc_completed","RMS",".Net SqlClient Data Provider","DESKTOP-T5HTV1I","vsnet2020","71","0","0.011000","0","exec sp_reset_connection"
"8/11/2026 11:11:38 AM","sql_batch_completed","RMS",".Net SqlClient Data Provider","DESKTOP-T5HTV1I","vsnet2020","71","0","36.899000","1","SELECT a.Location_Code, b.Name, a.Def_Location , ISNULL(b.Customer_Alt_Company,'') AS Customer_Alt_Company , Vendor_Alt_Company = ISNULL(b.Vendor_Alt_Company,''), CustAltCoName = ISNULL(c.Name,''), VendorAltCoName = ISNULL(d.Name,''), b.Company_No, AR_Bank_Code = ISNULL(b.AR_Receipt_Bank,''), AR_Bank_Name = ISNULL(e.Bank_Name,''),AP_Bank_Code = ISNULL(b.AP_Payment_Bank,''), AP_Bank_Name = ISNULL(f.Bank_Name,'') FROM PI_User_Company_Access_Location a INNER JOIN PI_Company_Location b ON (a.Company_Code=b.Company_Code AND a.Location_Code=b.Location_Code) LEFT OUTER JOIN ACC.dbo.AR_Customer c ON ( b.Company_No=c.Company_Code AND   b.Customer_Alt_Company=c.Code) LEFT OUTER JOIN ACC.dbo.AP_Vendor d ON ( b.Company_No=d.Company_Code AND   b.Vendor_Alt_Company=d.Code) LEFT OUTER JOIN ACC.dbo.SY_Bank e ON (b.Company_No=e.Company_Code AND b.AR_Receipt_Bank=e.Bank_Code) LEFT OUTER JOIN ACC.dbo.SY_Bank f ON (b.Company_No=f.Company_Code AND b.AP_Payment_Bank=f.Bank_Code) WHERE a.Company_Code=1 AND a.User_ID=1"
"8/11/2026 11:11:38 AM","sql_statement_completed","RMS",".Net SqlClient Data Provider","DESKTOP-T5HTV1I","vsnet2020","71","16779123","1.818000","1","SELECT a.Location_Code, b.Name, a.Def_Location , ISNULL(b.Customer_Alt_Company,'') AS Customer_Alt_Company , Vendor_Alt_Company = ISNULL(b.Vendor_Alt_Company,''), CustAltCoName = ISNULL(c.Name,''), VendorAltCoName = ISNULL(d.Name,''), b.Company_No, AR_Bank_Code = ISNULL(b.AR_Receipt_Bank,''), AR_Bank_Name = ISNULL(e.Bank_Name,''),AP_Bank_Code = ISNULL(b.AP_Payment_Bank,''), AP_Bank_Name = ISNULL(f.Bank_Name,'') FROM PI_User_Company_Access_Location a INNER JOIN PI_Company_Location b ON (a.Company_Code=b.Company_Code AND a.Location_Code=b.Location_Code) LEFT OUTER JOIN ACC.dbo.AR_Customer c ON ( b.Company_No=c.Company_Code AND   b.Customer_Alt_Company=c.Code) LEFT OUTER JOIN ACC.dbo.AP_Vendor d ON ( b.Company_No=d.Company_Code AND   b.Vendor_Alt_Company=d.Code) LEFT OUTER JOIN ACC.dbo.SY_Bank e ON (b.Company_No=e.Company_Code AND b.AR_Receipt_Bank=e.Bank_Code) LEFT OUTER JOIN ACC.dbo.SY_Bank f ON (b.Company_No=f.Company_Code AND b.AP_Payment_Bank=f.Bank_Code) WHERE a.Company_Code=1 AND a.User_ID=1"
"8/11/2026 11:11:38 AM","rpc_completed","RMS",".Net SqlClient Data Provider","DESKTOP-T5HTV1I","vsnet2020","71","0","0.011000","0","exec sp_reset_connection"
"8/11/2026 11:11:38 AM","sql_batch_completed","RMS",".Net SqlClient Data Provider","DESKTOP-T5HTV1I","vsnet2020","71","0","3.791000","0","Select * from RMS.dbo.PI_Payment_Type_Voucher Where Payment_Type='' AND company_Code=1 AND Serial_No='asd'"
"8/11/2026 11:11:38 AM","sql_statement_completed","RMS",".Net SqlClient Data Provider","DESKTOP-T5HTV1I","vsnet2020","71","0","0.560000","0","Select * from RMS.dbo.PI_Payment_Type_Voucher Where Payment_Type='' AND company_Code=1 AND Serial_No='asd'"
"8/11/2026 11:11:38 AM","rpc_completed","RMS",".Net SqlClient Data Provider","DESKTOP-T5HTV1I","vsnet2020","71","0","0.009000","0","exec sp_reset_connection"
"8/11/2026 11:11:38 AM","sql_batch_completed","RMS",".Net SqlClient Data Provider","DESKTOP-T5HTV1I","vsnet2020","71","0","1.717000","0","SELECT Sku_No,Description From IN_Stock Where Company_Code=0"
"8/11/2026 11:11:38 AM","sql_statement_completed","RMS",".Net SqlClient Data Provider","DESKTOP-T5HTV1I","vsnet2020","71","0","1.015000","0","SELECT Sku_No,Description From IN_Stock Where Company_Code=0"
"8/11/2026 11:11:38 AM","rpc_completed","RMS",".Net SqlClient Data Provider","DESKTOP-T5HTV1I","vsnet2020","71","0","0.024000","0","exec sp_reset_connection"
"8/11/2026 11:11:38 AM","sql_batch_completed","RMS",".Net SqlClient Data Provider","DESKTOP-T5HTV1I","vsnet2020","71","0","1.250000","0","Select Project_Code, Description From SY_Project WHERE Company_Code=1"
"8/11/2026 11:11:38 AM","sql_statement_completed","RMS",".Net SqlClient Data Provider","DESKTOP-T5HTV1I","vsnet2020","71","0","0.340000","0","Select Project_Code, Description From SY_Project WHERE Company_Code=1"
"8/11/2026 11:11:38 AM","rpc_completed","RMS",".Net SqlClient Data Provider","DESKTOP-T5HTV1I","vsnet2020","71","0","0.002000","0","exec sp_reset_connection"
"8/11/2026 11:11:38 AM","sql_batch_completed","RMS",".Net SqlClient Data Provider","DESKTOP-T5HTV1I","vsnet2020","71","0","1.457000","0","Select Location_Code,Description From SY_Location WHERE Company_Code=1"
"8/11/2026 11:11:38 AM","sql_statement_completed","RMS",".Net SqlClient Data Provider","DESKTOP-T5HTV1I","vsnet2020","71","0","0.168000","0","Select Location_Code,Description From SY_Location WHERE Company_Code=1"
"8/11/2026 11:11:38 AM","rpc_completed","RMS",".Net SqlClient Data Provider","DESKTOP-T5HTV1I","vsnet2020","71","0","0.004000","0","exec sp_reset_connection"
"8/11/2026 11:11:38 AM","rpc_completed","RMS",".Net SqlClient Data Provider","DESKTOP-T5HTV1I","vsnet2020","71","0","0.003000","0","exec sp_reset_connection"
"8/11/2026 11:11:38 AM","sql_batch_completed","RMS",".Net SqlClient Data Provider","DESKTOP-T5HTV1I","vsnet2020","71","0","2.039000","11","SELECT * FROM [dbo].[MP_Representative]  WHERE Company_Code = 1"
"8/11/2026 11:11:38 AM","sql_statement_completed","RMS",".Net SqlClient Data Provider","DESKTOP-T5HTV1I","vsnet2020","71","0","0.204000","11","SELECT * FROM [dbo].[MP_Representative]  WHERE Company_Code = 1"
"8/11/2026 11:11:38 AM","sql_statement_completed","RMS",".Net SqlClient Data Provider","DESKTOP-T5HTV1I","vsnet2020","71","0","0.002000","1","Select 'AUTO' as Code,'AUTO PRELABEL' as Description"
"8/11/2026 11:11:38 AM","sql_statement_completed","RMS",".Net SqlClient Data Provider","DESKTOP-T5HTV1I","vsnet2020","71","0","0.026000","1","SELECT Count(Location_Code) FROM [dbo].[Pi_Company_Location]  WHERE Company_Code = 1"
"8/11/2026 11:11:38 AM","sql_batch_completed","RMS",".Net SqlClient Data Provider","DESKTOP-T5HTV1I","vsnet2020","71","0","0.038000","1"," Select 'AUTO' as Code,'AUTO PRELABEL' as Description "
"8/11/2026 11:11:38 AM","sql_batch_completed","RMS",".Net SqlClient Data Provider","DESKTOP-T5HTV1I","vsnet2020","71","0","0.564000","1","SELECT Count(Location_Code) FROM [dbo].[Pi_Company_Location]  WHERE Company_Code = 1"
"8/11/2026 11:11:38 AM","rpc_completed","RMS",".Net SqlClient Data Provider","DESKTOP-T5HTV1I","vsnet2020","71","0","0.002000","0","exec sp_reset_connection"
"8/11/2026 11:11:58 AM","rpc_completed","RMS",".Net SqlClient Data Provider","DESKTOP-T5HTV1I","vsnet2020","71","0","0.024000","0","exec sp_reset_connection"
"8/11/2026 11:11:58 AM","sql_batch_completed","RMS",".Net SqlClient Data Provider","DESKTOP-T5HTV1I","vsnet2020","71","0","1.626000","11","Select Representative_ID as ID, Full_Name From RMS.dbo.MP_Representative Where Status='A' AND Company_Code=1"
"8/11/2026 11:11:58 AM","sql_statement_completed","RMS",".Net SqlClient Data Provider","DESKTOP-T5HTV1I","vsnet2020","71","0","0.173000","11","Select Representative_ID as ID, Full_Name From RMS.dbo.MP_Representative Where Status='A' AND Company_Code=1"
"8/11/2026 11:12:04 AM","rpc_completed","RMS",".Net SqlClient Data Provider","DESKTOP-T5HTV1I","vsnet2020","71","0","0.024000","0","exec sp_reset_connection"
"8/11/2026 11:12:04 AM","sql_batch_completed","RMS",".Net SqlClient Data Provider","DESKTOP-T5HTV1I","vsnet2020","71","0","3.894000","45"," SELECT a.*, b.full_name as Added_Name, c.full_name as Posted_Name FROM [dbo].[MP_Invoice_Batch] AS a LEFT OUTER JOIN [dbo].[PI_Users] AS b ON (b.user_id = a.added_by)                                    LEFT OUTER JOIN [dbo].[PI_Users] AS c ON (c.user_id = a.posted_by)                                   WHERE a.Company_Code = 1 AND a.Location_Code IN ('FST')   ORDER BY [Batch_No] "
"8/11/2026 11:12:04 AM","sql_statement_completed","RMS",".Net SqlClient Data Provider","DESKTOP-T5HTV1I","vsnet2020","71","16779279","0.303000","45","SELECT a.*, b.full_name as Added_Name, c.full_name as Posted_Name FROM [dbo].[MP_Invoice_Batch] AS a LEFT OUTER JOIN [dbo].[PI_Users] AS b ON (b.user_id = a.added_by)                                    LEFT OUTER JOIN [dbo].[PI_Users] AS c ON (c.user_id = a.posted_by)                                   WHERE a.Company_Code = 1 AND a.Location_Code IN ('FST')   ORDER BY [Batch_No]"
"8/11/2026 11:12:07 AM","rpc_completed","RMS",".Net SqlClient Data Provider","DESKTOP-T5HTV1I","vsnet2020","71","0","0.020000","0","exec sp_reset_connection"
"8/11/2026 11:12:07 AM","rpc_completed","RMS",".Net SqlClient Data Provider","DESKTOP-T5HTV1I","vsnet2020","71","0","0.011000","0","exec sp_reset_connection"
"8/11/2026 11:12:07 AM","rpc_completed","RMS",".Net SqlClient Data Provider","DESKTOP-T5HTV1I","vsnet2020","71","0","1.247000","3","exec [RMS].[sys].[sp_procedure_params_100_managed] @procedure_name=N'MP_Invoice_Batch_SelByBatch'"
"8/11/2026 11:12:07 AM","rpc_completed","RMS",".Net SqlClient Data Provider","DESKTOP-T5HTV1I","vsnet2020","71","0","5.796000","1","exec MP_Invoice_Batch_SelByBatch @CompanyCode=1,@Batch_No=46"
"8/11/2026 11:12:39 AM","rpc_completed","RMS",".Net SqlClient Data Provider","DESKTOP-T5HTV1I","vsnet2020","71","0","0.011000","0","exec sp_reset_connection"
"8/11/2026 11:12:39 AM","rpc_completed","RMS",".Net SqlClient Data Provider","DESKTOP-T5HTV1I","vsnet2020","71","0","98.315000","7","exec MP_Customer_SelByCode @CompanyCode=1,@Code=N'01/N01',@UserID=1,@GetByLocation=N'Y',@FilterString=N' AND a.Company_Code = 1',@CompanyCode2=1"
"8/11/2026 11:12:39 AM","rpc_completed","RMS",".Net SqlClient Data Provider","DESKTOP-T5HTV1I","vsnet2020","71","0","0.049000","0","exec sp_reset_connection"
"8/11/2026 11:12:39 AM","sql_batch_completed","RMS",".Net SqlClient Data Provider","DESKTOP-T5HTV1I","vsnet2020","71","0","3.480000","1"," Select Type From RMS.dbo.PI_Credit_Term WHere Term='060' AND Company_Code=1"
"8/11/2026 11:12:39 AM","sql_statement_completed","RMS",".Net SqlClient Data Provider","DESKTOP-T5HTV1I","vsnet2020","71","0","0.534000","1","Select Type From RMS.dbo.PI_Credit_Term WHere Term='060' AND Company_Code=1"
"8/11/2026 11:12:45 AM","rpc_completed","RMS",".Net SqlClient Data Provider","DESKTOP-T5HTV1I","vsnet2020","71","0","0.009000","0","exec sp_reset_connection"
"8/11/2026 11:12:45 AM","rpc_completed","RMS",".Net SqlClient Data Provider","DESKTOP-T5HTV1I","vsnet2020","71","0","44.411000","7","exec MP_Customer_SelByCode @CompanyCode=1,@Code=N'01/N01',@UserID=1,@GetByLocation=N'N',@FilterString=N' AND a.Company_Code = 1',@CompanyCode2=1"
"8/11/2026 11:12:45 AM","rpc_completed","RMS",".Net SqlClient Data Provider","DESKTOP-T5HTV1I","vsnet2020","71","0","0.020000","0","exec sp_reset_connection"
"8/11/2026 11:12:45 AM","rpc_completed","RMS",".Net SqlClient Data Provider","DESKTOP-T5HTV1I","vsnet2020","71","0","0.003000","0","exec sp_reset_connection"
"8/11/2026 11:12:45 AM","sql_batch_completed","RMS",".Net SqlClient Data Provider","DESKTOP-T5HTV1I","vsnet2020","71","0","2.348000","1","SELECT Quote_Approval FROM MP_Setup WHERE Company_Code=1"
"8/11/2026 11:12:45 AM","sql_statement_completed","RMS",".Net SqlClient Data Provider","DESKTOP-T5HTV1I","vsnet2020","71","0","0.030000","1","SELECT Quote_Approval FROM MP_Setup WHERE Company_Code=1"
"8/11/2026 11:12:45 AM","sql_statement_completed","RMS",".Net SqlClient Data Provider","DESKTOP-T5HTV1I","vsnet2020","71","16780365","13.760000","98","SELECT a.*, b.Name AS CustomerName, b.Price_Type, d.Full_Name AS CancelledByName, e.Full_Name AS AddedByName, f.Full_Name AS ModifiedByName, g.Name AS AlternateCoName, f2.Full_Name AS QuotedByName, c.Description AS TermDesc, c.Credit_Days, Acc_Company=a.Company_Code FROM MP_Quote AS a LEFT OUTER JOIN [ACC].[dbo].[AR_Customer] b ON (b.Code = a.Customer AND b.Company_Code=a.Company_Code) LEFT OUTER JOIN [ACC].[dbo].[SY_Term] c ON (c.Term = a.Term AND c.Company_Code=a.Company_Code) LEFT OUTER JOIN [RMS].[dbo].[PI_Users] d ON (d.User_ID = a.Cancelled_By) LEFT OUTER JOIN [RMS].[dbo].[PI_Users] e ON (e.User_ID = a.Added_By) LEFT OUTER JOIN [RMS].[dbo].[PI_Users] f ON (f.User_ID = a.Last_Modified_By) LEFT OUTER JOIN [ACC].[dbo].[AR_Customer] g ON (g.Code = a.Alternate_Company AND g.Company_Code = a.Company_Code) LEFT OUTER JOIN [RMS].[dbo].[PI_Users] f2 ON (f2.User_Id = a.Quoted_By) WHERE a.Company_Code=1 AND a.Status='A' AND (a.Download_Prelabel is null or a.Download_Prelabel='' ) AND a.Customer = '01/N01' AND NOT EXISTS (Select * from RMS..AR_Customer_InHouse x1 Where a.Company_Code=x1.Company_Code AND a.Location_Code=x1.Location_Code AND a.Customer=x1.Customer )  Order By a.Quote_Date Desc"
"8/11/2026 11:12:45 AM","sql_batch_completed","RMS",".Net SqlClient Data Provider","DESKTOP-T5HTV1I","vsnet2020","71","0","41.636000","98","SELECT a.*, b.Name AS CustomerName, b.Price_Type, d.Full_Name AS CancelledByName, e.Full_Name AS AddedByName, f.Full_Name AS ModifiedByName, g.Name AS AlternateCoName, f2.Full_Name AS QuotedByName, c.Description AS TermDesc, c.Credit_Days, Acc_Company=a.Company_Code FROM MP_Quote AS a LEFT OUTER JOIN [ACC].[dbo].[AR_Customer] b ON (b.Code = a.Customer AND b.Company_Code=a.Company_Code) LEFT OUTER JOIN [ACC].[dbo].[SY_Term] c ON (c.Term = a.Term AND c.Company_Code=a.Company_Code) LEFT OUTER JOIN [RMS].[dbo].[PI_Users] d ON (d.User_ID = a.Cancelled_By) LEFT OUTER JOIN [RMS].[dbo].[PI_Users] e ON (e.User_ID = a.Added_By) LEFT OUTER JOIN [RMS].[dbo].[PI_Users] f ON (f.User_ID = a.Last_Modified_By) LEFT OUTER JOIN [ACC].[dbo].[AR_Customer] g ON (g.Code = a.Alternate_Company AND g.Company_Code = a.Company_Code) LEFT OUTER JOIN [RMS].[dbo].[PI_Users] f2 ON (f2.User_Id = a.Quoted_By) WHERE a.Company_Code=1 AND a.Status='A' AND (a.Download_Prelabel is null or a.Download_Prelabel='' ) AND a.Customer = '01/N01' AND NOT EXISTS (Select * from RMS..AR_Customer_InHouse x1 Where a.Company_Code=x1.Company_Code AND a.Location_Code=x1.Location_Code AND a.Customer=x1.Customer )  Order By a.Quote_Date Desc"
"8/11/2026 11:12:48 AM","rpc_completed","RMS",".Net SqlClient Data Provider","DESKTOP-T5HTV1I","vsnet2020","71","0","0.011000","0","exec sp_reset_connection"
"8/11/2026 11:12:48 AM","rpc_completed","RMS",".Net SqlClient Data Provider","DESKTOP-T5HTV1I","vsnet2020","71","0","0.749000","7","exec MP_Customer_SelByCode @CompanyCode=1,@Code=N'01/N01',@UserID=1,@GetByLocation=N'N',@FilterString=N' AND a.Company_Code = 1',@CompanyCode2=1"
"8/11/2026 11:12:51 AM","rpc_completed","RMS",".Net SqlClient Data Provider","DESKTOP-T5HTV1I","vsnet2020","70","0","0.006000","0","exec sp_reset_connection"
"8/11/2026 11:12:51 AM","rpc_completed","RMS",".Net SqlClient Data Provider","DESKTOP-T5HTV1I","vsnet2020","71","0","0.037000","0","exec sp_reset_connection"
"8/11/2026 11:12:51 AM","sql_batch_completed","RMS",".Net SqlClient Data Provider","DESKTOP-T5HTV1I","vsnet2020","70","0","11.154000","15","SELECT a.*, b.Uom AS BasicUom, b.Description, b.Return_Due, b.Average_Cost AS MasterAverage, b.Standard_Cost AS MasterStandard, b.Fifo_Cost AS MasterFifo, b.Last_Cost AS MasterLast, b.Misc_Cost AS MasterMisc, b.Grp, b.Dept, b.Subdept, b.Category, c.Full_Name AS CancelledByName, d.Price,  b1.Average_Cost AS LocAverage, b1.Standard_Cost AS LocStandard, b1.Last_Cost AS LocLast, b1.Fifo_Cost AS LocFifo, b1.Misc_Cost AS LocMisc, b.Type, b.Company_Comm_Rate, b.Promoter_Comm_Rate, b.Open_Price FROM MP_Quote_Item AS a INNER JOIN In_Stock AS b ON (b.Sku_No=a.Sku_No AND b.Company_Code=a.Company_Code) LEFT OUTER JOIN In_Stock_Location AS b1 ON (a.Company_Code=b1.Company_Code AND a.Location_Code=b1.Location_Code AND a.sku_no = b1.sku_no) LEFT OUTER JOIN In_Stock_Uom AS d ON (a.sku_no = d.sku_no AND a.uom = d.uom AND a.Company_Code=d.Company_Code) LEFT OUTER JOIN PI_Users AS c ON (c.User_Id=a.Cancelled_By) WHERE a.Quote_Prelabel = 'FST/SQ/003362' AND a.Company_Code=1 AND a.Status='A' ORDER BY a.Added_Date"
"8/11/2026 11:12:51 AM","sql_statement_completed","RMS",".Net SqlClient Data Provider","DESKTOP-T5HTV1I","vsnet2020","70","16780662","1.509000","15","SELECT a.*, b.Uom AS BasicUom, b.Description, b.Return_Due, b.Average_Cost AS MasterAverage, b.Standard_Cost AS MasterStandard, b.Fifo_Cost AS MasterFifo, b.Last_Cost AS MasterLast, b.Misc_Cost AS MasterMisc, b.Grp, b.Dept, b.Subdept, b.Category, c.Full_Name AS CancelledByName, d.Price,  b1.Average_Cost AS LocAverage, b1.Standard_Cost AS LocStandard, b1.Last_Cost AS LocLast, b1.Fifo_Cost AS LocFifo, b1.Misc_Cost AS LocMisc, b.Type, b.Company_Comm_Rate, b.Promoter_Comm_Rate, b.Open_Price FROM MP_Quote_Item AS a INNER JOIN In_Stock AS b ON (b.Sku_No=a.Sku_No AND b.Company_Code=a.Company_Code) LEFT OUTER JOIN In_Stock_Location AS b1 ON (a.Company_Code=b1.Company_Code AND a.Location_Code=b1.Location_Code AND a.sku_no = b1.sku_no) LEFT OUTER JOIN In_Stock_Uom AS d ON (a.sku_no = d.sku_no AND a.uom = d.uom AND a.Company_Code=d.Company_Code) LEFT OUTER JOIN PI_Users AS c ON (c.User_Id=a.Cancelled_By) WHERE a.Quote_Prelabel = 'FST/SQ/003362' AND a.Company_Code=1 AND a.Status='A' ORDER BY a.Added_Date"
"8/11/2026 11:12:51 AM","rpc_completed","RMS",".Net SqlClient Data Provider","DESKTOP-T5HTV1I","vsnet2020","71","0","0.009000","0","exec sp_reset_connection"
"8/11/2026 11:12:51 AM","sql_batch_completed","RMS",".Net SqlClient Data Provider","DESKTOP-T5HTV1I","vsnet2020","71","0","0.664000","1","SELECT ISNULL(Pack_Size_Desc,'') FROM In_Stock_Uom WHERE Company_Code=1 AND Sku_No=005146 AND Uom='EA'"
"8/11/2026 11:12:51 AM","sql_statement_completed","RMS",".Net SqlClient Data Provider","DESKTOP-T5HTV1I","vsnet2020","71","16780670","0.034000","1","SELECT ISNULL(Pack_Size_Desc,'') FROM In_Stock_Uom WHERE Company_Code=1 AND Sku_No=005146 AND Uom='EA'"
"8/11/2026 11:12:51 AM","rpc_completed","RMS",".Net SqlClient Data Provider","DESKTOP-T5HTV1I","vsnet2020","71","0","0.007000","0","exec sp_reset_connection"
"8/11/2026 11:12:51 AM","sql_batch_completed","RMS",".Net SqlClient Data Provider","DESKTOP-T5HTV1I","vsnet2020","71","0","0.829000","1","SELECT Serial_No FROM In_Stock Where Sku_No=5146 AND Company_Code=1"
"8/11/2026 11:12:51 AM","sql_statement_completed","RMS",".Net SqlClient Data Provider","DESKTOP-T5HTV1I","vsnet2020","71","0","0.040000","1","SELECT Serial_No FROM In_Stock Where Sku_No=5146 AND Company_Code=1"
"8/11/2026 11:12:51 AM","sql_statement_completed","RMS",".Net SqlClient Data Provider","DESKTOP-T5HTV1I","vsnet2020","70","0","0.031000","1","SELECT Batch_Expiry FROM In_Stock Where Sku_No=5146 AND Company_Code=1"
"8/11/2026 11:12:51 AM","sql_batch_completed","RMS",".Net SqlClient Data Provider","DESKTOP-T5HTV1I","vsnet2020","70","0","0.618000","1","SELECT Batch_Expiry FROM In_Stock Where Sku_No=5146 AND Company_Code=1"
"8/11/2026 11:12:51 AM","rpc_completed","RMS",".Net SqlClient Data Provider","DESKTOP-T5HTV1I","vsnet2020","70","0","0.005000","0","exec sp_reset_connection"
"8/11/2026 11:12:51 AM","rpc_completed","RMS",".Net SqlClient Data Provider","DESKTOP-T5HTV1I","vsnet2020","70","0","0.005000","0","exec sp_reset_connection"
"8/11/2026 11:12:51 AM","rpc_completed","RMS",".Net SqlClient Data Provider","DESKTOP-T5HTV1I","vsnet2020","70","0","0.003000","0","exec sp_reset_connection"
"8/11/2026 11:12:51 AM","rpc_completed","RMS",".Net SqlClient Data Provider","DESKTOP-T5HTV1I","vsnet2020","70","0","0.004000","0","exec sp_reset_connection"
"8/11/2026 11:12:51 AM","sql_batch_completed","RMS",".Net SqlClient Data Provider","DESKTOP-T5HTV1I","vsnet2020","70","0","0.245000","1","SELECT Batch_Expiry FROM In_Stock Where Sku_No=5216 AND Company_Code=1"
"8/11/2026 11:12:51 AM","sql_batch_completed","RMS",".Net SqlClient Data Provider","DESKTOP-T5HTV1I","vsnet2020","70","0","0.588000","1","SELECT ISNULL(Pack_Size_Desc,'') FROM In_Stock_Uom WHERE Company_Code=1 AND Sku_No=005216 AND Uom='EA'"
"8/11/2026 11:12:51 AM","sql_batch_completed","RMS",".Net SqlClient Data Provider","DESKTOP-T5HTV1I","vsnet2020","70","0","0.068000","1","SELECT Serial_No FROM In_Stock Where Sku_No=5216 AND Company_Code=1"
"8/11/2026 11:12:51 AM","sql_statement_completed","RMS",".Net SqlClient Data Provider","DESKTOP-T5HTV1I","vsnet2020","70","0","0.016000","1","SELECT Serial_No FROM In_Stock Where Sku_No=5216 AND Company_Code=1"
"8/11/2026 11:12:51 AM","sql_statement_completed","RMS",".Net SqlClient Data Provider","DESKTOP-T5HTV1I","vsnet2020","70","0","0.019000","1","SELECT Batch_Expiry FROM In_Stock Where Sku_No=5216 AND Company_Code=1"
"8/11/2026 11:12:51 AM","sql_statement_completed","RMS",".Net SqlClient Data Provider","DESKTOP-T5HTV1I","vsnet2020","70","16780677","0.029000","1","SELECT ISNULL(Pack_Size_Desc,'') FROM In_Stock_Uom WHERE Company_Code=1 AND Sku_No=005216 AND Uom='EA'"
"8/11/2026 11:12:51 AM","sql_statement_completed","RMS",".Net SqlClient Data Provider","DESKTOP-T5HTV1I","vsnet2020","70","16780683","0.021000","1","SELECT ISNULL(Pack_Size_Desc,'') FROM In_Stock_Uom WHERE Company_Code=1 AND Sku_No=005213 AND Uom='EA'"
"8/11/2026 11:12:51 AM","sql_statement_completed","RMS",".Net SqlClient Data Provider","DESKTOP-T5HTV1I","vsnet2020","70","0","0.035000","1","SELECT Serial_No FROM In_Stock Where Sku_No=5213 AND Company_Code=1"
"8/11/2026 11:12:51 AM","sql_batch_completed","RMS",".Net SqlClient Data Provider","DESKTOP-T5HTV1I","vsnet2020","70","0","0.103000","1","SELECT Serial_No FROM In_Stock Where Sku_No=5213 AND Company_Code=1"
"8/11/2026 11:12:51 AM","sql_batch_completed","RMS",".Net SqlClient Data Provider","DESKTOP-T5HTV1I","vsnet2020","70","0","0.402000","1","SELECT ISNULL(Pack_Size_Desc,'') FROM In_Stock_Uom WHERE Company_Code=1 AND Sku_No=005213 AND Uom='EA'"
"8/11/2026 11:12:51 AM","rpc_completed","RMS",".Net SqlClient Data Provider","DESKTOP-T5HTV1I","vsnet2020","70","0","0.003000","0","exec sp_reset_connection"
"8/11/2026 11:12:51 AM","rpc_completed","RMS",".Net SqlClient Data Provider","DESKTOP-T5HTV1I","vsnet2020","70","0","0.003000","0","exec sp_reset_connection"
"8/11/2026 11:12:51 AM","rpc_completed","RMS",".Net SqlClient Data Provider","DESKTOP-T5HTV1I","vsnet2020","70","0","0.009000","0","exec sp_reset_connection"
"8/11/2026 11:12:51 AM","sql_batch_completed","RMS",".Net SqlClient Data Provider","DESKTOP-T5HTV1I","vsnet2020","70","0","0.100000","1","SELECT Batch_Expiry FROM In_Stock Where Sku_No=5213 AND Company_Code=1"
"8/11/2026 11:12:51 AM","sql_statement_completed","RMS",".Net SqlClient Data Provider","DESKTOP-T5HTV1I","vsnet2020","70","0","0.017000","1","SELECT Batch_Expiry FROM In_Stock Where Sku_No=5213 AND Company_Code=1"
"8/11/2026 11:12:51 AM","rpc_completed","RMS",".Net SqlClient Data Provider","DESKTOP-T5HTV1I","vsnet2020","70","0","0.004000","0","exec sp_reset_connection"
"8/11/2026 11:12:51 AM","rpc_completed","RMS",".Net SqlClient Data Provider","DESKTOP-T5HTV1I","vsnet2020","70","0","0.003000","0","exec sp_reset_connection"
"8/11/2026 11:12:51 AM","rpc_completed","RMS",".Net SqlClient Data Provider","DESKTOP-T5HTV1I","vsnet2020","70","0","0.004000","0","exec sp_reset_connection"
"8/11/2026 11:12:51 AM","sql_batch_completed","RMS",".Net SqlClient Data Provider","DESKTOP-T5HTV1I","vsnet2020","70","0","0.100000","1","SELECT Batch_Expiry FROM In_Stock Where Sku_No=5214 AND Company_Code=1"
"8/11/2026 11:12:51 AM","sql_batch_completed","RMS",".Net SqlClient Data Provider","DESKTOP-T5HTV1I","vsnet2020","70","0","0.587000","1","SELECT ISNULL(Pack_Size_Desc,'') FROM In_Stock_Uom WHERE Company_Code=1 AND Sku_No=005214 AND Uom='EA'"
"8/11/2026 11:12:51 AM","sql_batch_completed","RMS",".Net SqlClient Data Provider","DESKTOP-T5HTV1I","vsnet2020","70","0","0.097000","1","SELECT Serial_No FROM In_Stock Where Sku_No=5214 AND Company_Code=1"
"8/11/2026 11:12:51 AM","sql_statement_completed","RMS",".Net SqlClient Data Provider","DESKTOP-T5HTV1I","vsnet2020","70","0","0.018000","1","SELECT Serial_No FROM In_Stock Where Sku_No=5214 AND Company_Code=1"
"8/11/2026 11:12:51 AM","sql_statement_completed","RMS",".Net SqlClient Data Provider","DESKTOP-T5HTV1I","vsnet2020","70","0","0.021000","1","SELECT Batch_Expiry FROM In_Stock Where Sku_No=5214 AND Company_Code=1"
"8/11/2026 11:12:51 AM","sql_statement_completed","RMS",".Net SqlClient Data Provider","DESKTOP-T5HTV1I","vsnet2020","70","16780689","0.028000","1","SELECT ISNULL(Pack_Size_Desc,'') FROM In_Stock_Uom WHERE Company_Code=1 AND Sku_No=005214 AND Uom='EA'"
"8/11/2026 11:12:51 AM","sql_statement_completed","RMS",".Net SqlClient Data Provider","DESKTOP-T5HTV1I","vsnet2020","70","16780695","0.028000","1","SELECT ISNULL(Pack_Size_Desc,'') FROM In_Stock_Uom WHERE Company_Code=1 AND Sku_No=005464 AND Uom='EA'"
"8/11/2026 11:12:51 AM","sql_batch_completed","RMS",".Net SqlClient Data Provider","DESKTOP-T5HTV1I","vsnet2020","70","0","0.519000","1","SELECT ISNULL(Pack_Size_Desc,'') FROM In_Stock_Uom WHERE Company_Code=1 AND Sku_No=005464 AND Uom='EA'"
"8/11/2026 11:12:51 AM","rpc_completed","RMS",".Net SqlClient Data Provider","DESKTOP-T5HTV1I","vsnet2020","70","0","0.003000","0","exec sp_reset_connection"
"8/11/2026 11:12:51 AM","rpc_completed","RMS",".Net SqlClient Data Provider","DESKTOP-T5HTV1I","vsnet2020","70","0","0.004000","0","exec sp_reset_connection"
"8/11/2026 11:12:51 AM","rpc_completed","RMS",".Net SqlClient Data Provider","DESKTOP-T5HTV1I","vsnet2020","70","0","0.003000","0","exec sp_reset_connection"
"8/11/2026 11:12:51 AM","rpc_completed","RMS",".Net SqlClient Data Provider","DESKTOP-T5HTV1I","vsnet2020","70","0","0.003000","0","exec sp_reset_connection"
"8/11/2026 11:12:51 AM","sql_batch_completed","RMS",".Net SqlClient Data Provider","DESKTOP-T5HTV1I","vsnet2020","70","0","0.102000","1","SELECT Batch_Expiry FROM In_Stock Where Sku_No=5464 AND Company_Code=1"
"8/11/2026 11:12:51 AM","sql_batch_completed","RMS",".Net SqlClient Data Provider","DESKTOP-T5HTV1I","vsnet2020","70","0","0.080000","1","SELECT Serial_No FROM In_Stock Where Sku_No=5464 AND Company_Code=1"
"8/11/2026 11:12:51 AM","sql_statement_completed","RMS",".Net SqlClient Data Provider","DESKTOP-T5HTV1I","vsnet2020","70","0","0.016000","1","SELECT Batch_Expiry FROM In_Stock Where Sku_No=5464 AND Company_Code=1"
"8/11/2026 11:12:51 AM","sql_statement_completed","RMS",".Net SqlClient Data Provider","DESKTOP-T5HTV1I","vsnet2020","70","0","0.019000","1","SELECT Serial_No FROM In_Stock Where Sku_No=5464 AND Company_Code=1"
"8/11/2026 11:12:51 AM","sql_statement_completed","RMS",".Net SqlClient Data Provider","DESKTOP-T5HTV1I","vsnet2020","70","0","0.012000","1","SELECT Serial_No FROM In_Stock Where Sku_No=2421 AND Company_Code=1"
"8/11/2026 11:12:51 AM","sql_statement_completed","RMS",".Net SqlClient Data Provider","DESKTOP-T5HTV1I","vsnet2020","70","0","0.017000","1","SELECT Batch_Expiry FROM In_Stock Where Sku_No=2421 AND Company_Code=1"
"8/11/2026 11:12:51 AM","sql_statement_completed","RMS",".Net SqlClient Data Provider","DESKTOP-T5HTV1I","vsnet2020","70","16780701","0.032000","1","SELECT ISNULL(Pack_Size_Desc,'') FROM In_Stock_Uom WHERE Company_Code=1 AND Sku_No=002421 AND Uom='PCS'"
"8/11/2026 11:12:51 AM","sql_batch_completed","RMS",".Net SqlClient Data Provider","DESKTOP-T5HTV1I","vsnet2020","70","0","0.050000","1","SELECT Serial_No FROM In_Stock Where Sku_No=2421 AND Company_Code=1"
"8/11/2026 11:12:51 AM","sql_batch_completed","RMS",".Net SqlClient Data Provider","DESKTOP-T5HTV1I","vsnet2020","70","0","0.566000","1","SELECT ISNULL(Pack_Size_Desc,'') FROM In_Stock_Uom WHERE Company_Code=1 AND Sku_No=002421 AND Uom='PCS'"
"8/11/2026 11:12:51 AM","sql_batch_completed","RMS",".Net SqlClient Data Provider","DESKTOP-T5HTV1I","vsnet2020","70","0","0.089000","1","SELECT Batch_Expiry FROM In_Stock Where Sku_No=2421 AND Company_Code=1"
"8/11/2026 11:12:51 AM","rpc_completed","RMS",".Net SqlClient Data Provider","DESKTOP-T5HTV1I","vsnet2020","70","0","0.002000","0","exec sp_reset_connection"
"8/11/2026 11:12:51 AM","rpc_completed","RMS",".Net SqlClient Data Provider","DESKTOP-T5HTV1I","vsnet2020","70","0","0.002000","0","exec sp_reset_connection"
"8/11/2026 11:12:51 AM","rpc_completed","RMS",".Net SqlClient Data Provider","DESKTOP-T5HTV1I","vsnet2020","70","0","0.003000","0","exec sp_reset_connection"
"8/11/2026 11:12:51 AM","rpc_completed","RMS",".Net SqlClient Data Provider","DESKTOP-T5HTV1I","vsnet2020","70","0","0.003000","0","exec sp_reset_connection"
"8/11/2026 11:12:51 AM","sql_batch_completed","RMS",".Net SqlClient Data Provider","DESKTOP-T5HTV1I","vsnet2020","70","0","0.510000","1","SELECT ISNULL(Pack_Size_Desc,'') FROM In_Stock_Uom WHERE Company_Code=1 AND Sku_No=002419 AND Uom='PCS'"
"8/11/2026 11:12:51 AM","sql_batch_completed","RMS",".Net SqlClient Data Provider","DESKTOP-T5HTV1I","vsnet2020","70","0","0.066000","1","SELECT Serial_No FROM In_Stock Where Sku_No=2419 AND Company_Code=1"
"8/11/2026 11:12:51 AM","sql_statement_completed","RMS",".Net SqlClient Data Provider","DESKTOP-T5HTV1I","vsnet2020","70","0","0.016000","1","SELECT Serial_No FROM In_Stock Where Sku_No=2419 AND Company_Code=1"
"8/11/2026 11:12:51 AM","sql_statement_completed","RMS",".Net SqlClient Data Provider","DESKTOP-T5HTV1I","vsnet2020","70","16780707","0.024000","1","SELECT ISNULL(Pack_Size_Desc,'') FROM In_Stock_Uom WHERE Company_Code=1 AND Sku_No=002419 AND Uom='PCS'"
"8/11/2026 11:12:51 AM","sql_statement_completed","RMS",".Net SqlClient Data Provider","DESKTOP-T5HTV1I","vsnet2020","70","0","0.016000","1","SELECT Batch_Expiry FROM In_Stock Where Sku_No=2419 AND Company_Code=1"
"8/11/2026 11:12:51 AM","sql_statement_completed","RMS",".Net SqlClient Data Provider","DESKTOP-T5HTV1I","vsnet2020","70","16780713","0.023000","1","SELECT ISNULL(Pack_Size_Desc,'') FROM In_Stock_Uom WHERE Company_Code=1 AND Sku_No=003759 AND Uom='PCS'"
"8/11/2026 11:12:51 AM","sql_batch_completed","RMS",".Net SqlClient Data Provider","DESKTOP-T5HTV1I","vsnet2020","70","0","0.438000","1","SELECT ISNULL(Pack_Size_Desc,'') FROM In_Stock_Uom WHERE Company_Code=1 AND Sku_No=003759 AND Uom='PCS'"
"8/11/2026 11:12:51 AM","sql_batch_completed","RMS",".Net SqlClient Data Provider","DESKTOP-T5HTV1I","vsnet2020","70","0","0.084000","1","SELECT Batch_Expiry FROM In_Stock Where Sku_No=2419 AND Company_Code=1"
"8/11/2026 11:12:51 AM","rpc_completed","RMS",".Net SqlClient Data Provider","DESKTOP-T5HTV1I","vsnet2020","70","0","0.002000","0","exec sp_reset_connection"
"8/11/2026 11:12:51 AM","rpc_completed","RMS",".Net SqlClient Data Provider","DESKTOP-T5HTV1I","vsnet2020","70","0","0.003000","0","exec sp_reset_connection"
"8/11/2026 11:12:51 AM","rpc_completed","RMS",".Net SqlClient Data Provider","DESKTOP-T5HTV1I","vsnet2020","70","0","0.003000","0","exec sp_reset_connection"
"8/11/2026 11:12:51 AM","rpc_completed","RMS",".Net SqlClient Data Provider","DESKTOP-T5HTV1I","vsnet2020","70","0","0.003000","0","exec sp_reset_connection"
"8/11/2026 11:12:51 AM","rpc_completed","RMS",".Net SqlClient Data Provider","DESKTOP-T5HTV1I","vsnet2020","70","0","0.003000","0","exec sp_reset_connection"
"8/11/2026 11:12:51 AM","sql_batch_completed","RMS",".Net SqlClient Data Provider","DESKTOP-T5HTV1I","vsnet2020","70","0","0.078000","1","SELECT Batch_Expiry FROM In_Stock Where Sku_No=3759 AND Company_Code=1"
"8/11/2026 11:12:51 AM","sql_batch_completed","RMS",".Net SqlClient Data Provider","DESKTOP-T5HTV1I","vsnet2020","70","0","0.090000","1","SELECT Serial_No FROM In_Stock Where Sku_No=3759 AND Company_Code=1"
"8/11/2026 11:12:51 AM","sql_statement_completed","RMS",".Net SqlClient Data Provider","DESKTOP-T5HTV1I","vsnet2020","70","0","0.014000","1","SELECT Batch_Expiry FROM In_Stock Where Sku_No=3759 AND Company_Code=1"
"8/11/2026 11:12:51 AM","sql_statement_completed","RMS",".Net SqlClient Data Provider","DESKTOP-T5HTV1I","vsnet2020","70","0","0.022000","1","SELECT Serial_No FROM In_Stock Where Sku_No=3759 AND Company_Code=1"
"8/11/2026 11:12:51 AM","sql_statement_completed","RMS",".Net SqlClient Data Provider","DESKTOP-T5HTV1I","vsnet2020","70","0","0.013000","1","SELECT Batch_Expiry FROM In_Stock Where Sku_No=3121 AND Company_Code=1"
"8/11/2026 11:12:51 AM","sql_statement_completed","RMS",".Net SqlClient Data Provider","DESKTOP-T5HTV1I","vsnet2020","70","0","0.016000","1","SELECT Serial_No FROM In_Stock Where Sku_No=3121 AND Company_Code=1"
"8/11/2026 11:12:51 AM","sql_statement_completed","RMS",".Net SqlClient Data Provider","DESKTOP-T5HTV1I","vsnet2020","70","16780719","0.021000","1","SELECT ISNULL(Pack_Size_Desc,'') FROM In_Stock_Uom WHERE Company_Code=1 AND Sku_No=003121 AND Uom='PCS'"
"8/11/2026 11:12:51 AM","sql_batch_completed","RMS",".Net SqlClient Data Provider","DESKTOP-T5HTV1I","vsnet2020","70","0","0.418000","1","SELECT ISNULL(Pack_Size_Desc,'') FROM In_Stock_Uom WHERE Company_Code=1 AND Sku_No=003121 AND Uom='PCS'"
"8/11/2026 11:12:51 AM","sql_batch_completed","RMS",".Net SqlClient Data Provider","DESKTOP-T5HTV1I","vsnet2020","70","0","0.062000","1","SELECT Batch_Expiry FROM In_Stock Where Sku_No=3121 AND Company_Code=1"
"8/11/2026 11:12:51 AM","sql_batch_completed","RMS",".Net SqlClient Data Provider","DESKTOP-T5HTV1I","vsnet2020","70","0","0.069000","1","SELECT Serial_No FROM In_Stock Where Sku_No=3121 AND Company_Code=1"
"8/11/2026 11:12:51 AM","rpc_completed","RMS",".Net SqlClient Data Provider","DESKTOP-T5HTV1I","vsnet2020","70","0","0.003000","0","exec sp_reset_connection"
"8/11/2026 11:12:51 AM","rpc_completed","RMS",".Net SqlClient Data Provider","DESKTOP-T5HTV1I","vsnet2020","70","0","0.003000","0","exec sp_reset_connection"
"8/11/2026 11:12:51 AM","rpc_completed","RMS",".Net SqlClient Data Provider","DESKTOP-T5HTV1I","vsnet2020","70","0","0.003000","0","exec sp_reset_connection"
"8/11/2026 11:12:51 AM","rpc_completed","RMS",".Net SqlClient Data Provider","DESKTOP-T5HTV1I","vsnet2020","70","0","0.003000","0","exec sp_reset_connection"
"8/11/2026 11:12:51 AM","rpc_completed","RMS",".Net SqlClient Data Provider","DESKTOP-T5HTV1I","vsnet2020","70","0","0.003000","0","exec sp_reset_connection"
"8/11/2026 11:12:51 AM","sql_batch_completed","RMS",".Net SqlClient Data Provider","DESKTOP-T5HTV1I","vsnet2020","70","0","0.446000","1","SELECT ISNULL(Pack_Size_Desc,'') FROM In_Stock_Uom WHERE Company_Code=1 AND Sku_No=003120 AND Uom='PCS'"
"8/11/2026 11:12:51 AM","sql_batch_completed","RMS",".Net SqlClient Data Provider","DESKTOP-T5HTV1I","vsnet2020","70","0","0.066000","1","SELECT Serial_No FROM In_Stock Where Sku_No=3120 AND Company_Code=1"
"8/11/2026 11:12:51 AM","sql_statement_completed","RMS",".Net SqlClient Data Provider","DESKTOP-T5HTV1I","vsnet2020","70","0","0.013000","1","SELECT Serial_No FROM In_Stock Where Sku_No=3120 AND Company_Code=1"
"8/11/2026 11:12:51 AM","sql_statement_completed","RMS",".Net SqlClient Data Provider","DESKTOP-T5HTV1I","vsnet2020","70","16780725","0.024000","1","SELECT ISNULL(Pack_Size_Desc,'') FROM In_Stock_Uom WHERE Company_Code=1 AND Sku_No=003120 AND Uom='PCS'"
"8/11/2026 11:12:51 AM","sql_statement_completed","RMS",".Net SqlClient Data Provider","DESKTOP-T5HTV1I","vsnet2020","70","0","0.014000","1","SELECT Batch_Expiry FROM In_Stock Where Sku_No=3120 AND Company_Code=1"
"8/11/2026 11:12:51 AM","sql_statement_completed","RMS",".Net SqlClient Data Provider","DESKTOP-T5HTV1I","vsnet2020","70","16780731","0.022000","1","SELECT ISNULL(Pack_Size_Desc,'') FROM In_Stock_Uom WHERE Company_Code=1 AND Sku_No=005218 AND Uom='EA'"
"8/11/2026 11:12:51 AM","sql_batch_completed","RMS",".Net SqlClient Data Provider","DESKTOP-T5HTV1I","vsnet2020","70","0","0.419000","1","SELECT ISNULL(Pack_Size_Desc,'') FROM In_Stock_Uom WHERE Company_Code=1 AND Sku_No=005218 AND Uom='EA'"
"8/11/2026 11:12:51 AM","sql_batch_completed","RMS",".Net SqlClient Data Provider","DESKTOP-T5HTV1I","vsnet2020","70","0","0.064000","1","SELECT Batch_Expiry FROM In_Stock Where Sku_No=3120 AND Company_Code=1"
"8/11/2026 11:12:51 AM","rpc_completed","RMS",".Net SqlClient Data Provider","DESKTOP-T5HTV1I","vsnet2020","70","0","0.002000","0","exec sp_reset_connection"
"8/11/2026 11:12:51 AM","rpc_completed","RMS",".Net SqlClient Data Provider","DESKTOP-T5HTV1I","vsnet2020","70","0","0.004000","0","exec sp_reset_connection"
"8/11/2026 11:12:51 AM","rpc_completed","RMS",".Net SqlClient Data Provider","DESKTOP-T5HTV1I","vsnet2020","70","0","0.002000","0","exec sp_reset_connection"
"8/11/2026 11:12:51 AM","rpc_completed","RMS",".Net SqlClient Data Provider","DESKTOP-T5HTV1I","vsnet2020","70","0","0.003000","0","exec sp_reset_connection"
"8/11/2026 11:12:51 AM","sql_batch_completed","RMS",".Net SqlClient Data Provider","DESKTOP-T5HTV1I","vsnet2020","70","0","0.376000","1","SELECT ISNULL(Pack_Size_Desc,'') FROM In_Stock_Uom WHERE Company_Code=1 AND Sku_No=005221 AND Uom='EA'"
"8/11/2026 11:12:51 AM","sql_batch_completed","RMS",".Net SqlClient Data Provider","DESKTOP-T5HTV1I","vsnet2020","70","0","0.051000","1","SELECT Batch_Expiry FROM In_Stock Where Sku_No=5218 AND Company_Code=1"
"8/11/2026 11:12:51 AM","sql_batch_completed","RMS",".Net SqlClient Data Provider","DESKTOP-T5HTV1I","vsnet2020","70","0","0.088000","1","SELECT Serial_No FROM In_Stock Where Sku_No=5218 AND Company_Code=1"
"8/11/2026 11:12:51 AM","sql_statement_completed","RMS",".Net SqlClient Data Provider","DESKTOP-T5HTV1I","vsnet2020","70","0","0.013000","1","SELECT Batch_Expiry FROM In_Stock Where Sku_No=5218 AND Company_Code=1"
"8/11/2026 11:12:51 AM","sql_statement_completed","RMS",".Net SqlClient Data Provider","DESKTOP-T5HTV1I","vsnet2020","70","0","0.017000","1","SELECT Serial_No FROM In_Stock Where Sku_No=5218 AND Company_Code=1"
"8/11/2026 11:12:51 AM","sql_statement_completed","RMS",".Net SqlClient Data Provider","DESKTOP-T5HTV1I","vsnet2020","70","16780737","0.020000","1","SELECT ISNULL(Pack_Size_Desc,'') FROM In_Stock_Uom WHERE Company_Code=1 AND Sku_No=005221 AND Uom='EA'"
"8/11/2026 11:12:51 AM","sql_statement_completed","RMS",".Net SqlClient Data Provider","DESKTOP-T5HTV1I","vsnet2020","70","0","0.010000","1","SELECT Batch_Expiry FROM In_Stock Where Sku_No=5221 AND Company_Code=1"
"8/11/2026 11:12:51 AM","sql_statement_completed","RMS",".Net SqlClient Data Provider","DESKTOP-T5HTV1I","vsnet2020","70","0","0.014000","1","SELECT Serial_No FROM In_Stock Where Sku_No=5221 AND Company_Code=1"
"8/11/2026 11:12:51 AM","sql_batch_completed","RMS",".Net SqlClient Data Provider","DESKTOP-T5HTV1I","vsnet2020","70","0","0.041000","1","SELECT Batch_Expiry FROM In_Stock Where Sku_No=5221 AND Company_Code=1"
"8/11/2026 11:12:51 AM","sql_batch_completed","RMS",".Net SqlClient Data Provider","DESKTOP-T5HTV1I","vsnet2020","70","0","0.059000","1","SELECT Serial_No FROM In_Stock Where Sku_No=5221 AND Company_Code=1"
"8/11/2026 11:12:51 AM","rpc_completed","RMS",".Net SqlClient Data Provider","DESKTOP-T5HTV1I","vsnet2020","70","0","0.002000","0","exec sp_reset_connection"
"8/11/2026 11:12:51 AM","rpc_completed","RMS",".Net SqlClient Data Provider","DESKTOP-T5HTV1I","vsnet2020","70","0","0.003000","0","exec sp_reset_connection"
"8/11/2026 11:12:51 AM","rpc_completed","RMS",".Net SqlClient Data Provider","DESKTOP-T5HTV1I","vsnet2020","70","0","0.003000","0","exec sp_reset_connection"
"8/11/2026 11:12:51 AM","rpc_completed","RMS",".Net SqlClient Data Provider","DESKTOP-T5HTV1I","vsnet2020","70","0","0.002000","0","exec sp_reset_connection"
"8/11/2026 11:12:51 AM","rpc_completed","RMS",".Net SqlClient Data Provider","DESKTOP-T5HTV1I","vsnet2020","70","0","0.003000","0","exec sp_reset_connection"
"8/11/2026 11:12:51 AM","sql_batch_completed","RMS",".Net SqlClient Data Provider","DESKTOP-T5HTV1I","vsnet2020","70","0","0.042000","1","SELECT Batch_Expiry FROM In_Stock Where Sku_No=5766 AND Company_Code=1"
"8/11/2026 11:12:51 AM","sql_batch_completed","RMS",".Net SqlClient Data Provider","DESKTOP-T5HTV1I","vsnet2020","70","0","0.427000","1","SELECT ISNULL(Pack_Size_Desc,'') FROM In_Stock_Uom WHERE Company_Code=1 AND Sku_No=005766 AND Uom='EA'"
"8/11/2026 11:12:51 AM","sql_batch_completed","RMS",".Net SqlClient Data Provider","DESKTOP-T5HTV1I","vsnet2020","70","0","0.077000","1","SELECT Serial_No FROM In_Stock Where Sku_No=5766 AND Company_Code=1"
"8/11/2026 11:12:51 AM","sql_statement_completed","RMS",".Net SqlClient Data Provider","DESKTOP-T5HTV1I","vsnet2020","70","0","0.011000","1","SELECT Batch_Expiry FROM In_Stock Where Sku_No=5766 AND Company_Code=1"
"8/11/2026 11:12:51 AM","sql_statement_completed","RMS",".Net SqlClient Data Provider","DESKTOP-T5HTV1I","vsnet2020","70","0","0.014000","1","SELECT Serial_No FROM In_Stock Where Sku_No=5766 AND Company_Code=1"
"8/11/2026 11:12:51 AM","sql_statement_completed","RMS",".Net SqlClient Data Provider","DESKTOP-T5HTV1I","vsnet2020","70","16780743","0.022000","1","SELECT ISNULL(Pack_Size_Desc,'') FROM In_Stock_Uom WHERE Company_Code=1 AND Sku_No=005766 AND Uom='EA'"
"8/11/2026 11:12:51 AM","sql_statement_completed","RMS",".Net SqlClient Data Provider","DESKTOP-T5HTV1I","vsnet2020","70","0","0.018000","1","SELECT Serial_No FROM In_Stock Where Sku_No=5765 AND Company_Code=1"
"8/11/2026 11:12:51 AM","sql_statement_completed","RMS",".Net SqlClient Data Provider","DESKTOP-T5HTV1I","vsnet2020","70","16780749","0.023000","1","SELECT ISNULL(Pack_Size_Desc,'') FROM In_Stock_Uom WHERE Company_Code=1 AND Sku_No=005765 AND Uom='EA'"
"8/11/2026 11:12:51 AM","sql_batch_completed","RMS",".Net SqlClient Data Provider","DESKTOP-T5HTV1I","vsnet2020","70","0","0.438000","1","SELECT ISNULL(Pack_Size_Desc,'') FROM In_Stock_Uom WHERE Company_Code=1 AND Sku_No=005765 AND Uom='EA'"
"8/11/2026 11:12:51 AM","sql_batch_completed","RMS",".Net SqlClient Data Provider","DESKTOP-T5HTV1I","vsnet2020","70","0","0.094000","1","SELECT Serial_No FROM In_Stock Where Sku_No=5765 AND Company_Code=1"
"8/11/2026 11:12:51 AM","rpc_completed","RMS",".Net SqlClient Data Provider","DESKTOP-T5HTV1I","vsnet2020","70","0","0.002000","0","exec sp_reset_connection"
"8/11/2026 11:12:51 AM","rpc_completed","RMS",".Net SqlClient Data Provider","DESKTOP-T5HTV1I","vsnet2020","70","0","0.004000","0","exec sp_reset_connection"
"8/11/2026 11:12:51 AM","rpc_completed","RMS",".Net SqlClient Data Provider","DESKTOP-T5HTV1I","vsnet2020","70","0","0.003000","0","exec sp_reset_connection"
"8/11/2026 11:12:51 AM","rpc_completed","RMS",".Net SqlClient Data Provider","DESKTOP-T5HTV1I","vsnet2020","70","0","0.003000","0","exec sp_reset_connection"
"8/11/2026 11:12:51 AM","sql_batch_completed","RMS",".Net SqlClient Data Provider","DESKTOP-T5HTV1I","vsnet2020","70","0","0.581000","1","SELECT ISNULL(Pack_Size_Desc,'') FROM In_Stock_Uom WHERE Company_Code=1 AND Sku_No=005150 AND Uom='EA'"
"8/11/2026 11:12:51 AM","sql_batch_completed","RMS",".Net SqlClient Data Provider","DESKTOP-T5HTV1I","vsnet2020","70","0","0.068000","1","SELECT Batch_Expiry FROM In_Stock Where Sku_No=5765 AND Company_Code=1"
"8/11/2026 11:12:51 AM","sql_statement_completed","RMS",".Net SqlClient Data Provider","DESKTOP-T5HTV1I","vsnet2020","70","0","0.016000","1","SELECT Batch_Expiry FROM In_Stock Where Sku_No=5765 AND Company_Code=1"
"8/11/2026 11:12:51 AM","sql_statement_completed","RMS",".Net SqlClient Data Provider","DESKTOP-T5HTV1I","vsnet2020","70","16780755","0.024000","1","SELECT ISNULL(Pack_Size_Desc,'') FROM In_Stock_Uom WHERE Company_Code=1 AND Sku_No=005150 AND Uom='EA'"
"8/11/2026 11:12:51 AM","sql_statement_completed","RMS",".Net SqlClient Data Provider","DESKTOP-T5HTV1I","vsnet2020","70","0","0.012000","1","SELECT Batch_Expiry FROM In_Stock Where Sku_No=5150 AND Company_Code=1"
"8/11/2026 11:12:51 AM","sql_statement_completed","RMS",".Net SqlClient Data Provider","DESKTOP-T5HTV1I","vsnet2020","70","0","0.014000","1","SELECT Serial_No FROM In_Stock Where Sku_No=5150 AND Company_Code=1"
"8/11/2026 11:12:51 AM","sql_batch_completed","RMS",".Net SqlClient Data Provider","DESKTOP-T5HTV1I","vsnet2020","70","0","0.046000","1","SELECT Batch_Expiry FROM In_Stock Where Sku_No=5150 AND Company_Code=1"
"8/11/2026 11:12:51 AM","sql_batch_completed","RMS",".Net SqlClient Data Provider","DESKTOP-T5HTV1I","vsnet2020","70","0","0.058000","1","SELECT Serial_No FROM In_Stock Where Sku_No=5150 AND Company_Code=1"
"8/11/2026 11:12:51 AM","rpc_completed","RMS",".Net SqlClient Data Provider","DESKTOP-T5HTV1I","vsnet2020","70","0","0.002000","0","exec sp_reset_connection"
"8/11/2026 11:12:51 AM","rpc_completed","RMS",".Net SqlClient Data Provider","DESKTOP-T5HTV1I","vsnet2020","70","0","0.003000","0","exec sp_reset_connection"
"8/11/2026 11:12:56 AM","rpc_completed","RMS",".Net SqlClient Data Provider","DESKTOP-T5HTV1I","vsnet2020","70","0","0.008000","0","exec sp_reset_connection"
"8/11/2026 11:12:56 AM","rpc_completed","RMS",".Net SqlClient Data Provider","DESKTOP-T5HTV1I","vsnet2020","70","0","0.005000","0","exec sp_reset_connection"
"8/11/2026 11:12:56 AM","sql_batch_completed","RMS",".Net SqlClient Data Provider","DESKTOP-T5HTV1I","vsnet2020","70","0","0.943000","1","SELECT a.Plu_No, a.Description, a.Selling_Price, a.Item_Code, a.Remark, a.Cate_Id, a.Sub_Cate_Id FROM AR_Customer_Item a WHERE a.company_Code=1 AND a.Sku_No=005146 AND a.Uom='EA'"
"8/11/2026 11:12:56 AM","sql_statement_completed","RMS",".Net SqlClient Data Provider","DESKTOP-T5HTV1I","vsnet2020","70","0","0.164000","1","SELECT a.Plu_No, a.Description, a.Selling_Price, a.Item_Code, a.Remark, a.Cate_Id, a.Sub_Cate_Id FROM AR_Customer_Item a WHERE a.company_Code=1 AND a.Sku_No=005146 AND a.Uom='EA'"
"8/11/2026 11:12:56 AM","sql_statement_completed","RMS",".Net SqlClient Data Provider","DESKTOP-T5HTV1I","vsnet2020","70","0","0.114000","1","SELECT a.Plu_No, a.Description, a.Selling_Price, a.Item_Code, a.Remark, a.Cate_Id, a.Sub_Cate_Id FROM AR_Customer_Item a WHERE a.company_Code=1 AND a.Sku_No=005213 AND a.Uom='EA'"
"8/11/2026 11:12:56 AM","sql_statement_completed","RMS",".Net SqlClient Data Provider","DESKTOP-T5HTV1I","vsnet2020","70","0","0.115000","1","SELECT a.Plu_No, a.Description, a.Selling_Price, a.Item_Code, a.Remark, a.Cate_Id, a.Sub_Cate_Id FROM AR_Customer_Item a WHERE a.company_Code=1 AND a.Sku_No=005216 AND a.Uom='EA'"
"8/11/2026 11:12:56 AM","sql_statement_completed","RMS",".Net SqlClient Data Provider","DESKTOP-T5HTV1I","vsnet2020","70","0","0.091000","1","SELECT a.Plu_No, a.Description, a.Selling_Price, a.Item_Code, a.Remark, a.Cate_Id, a.Sub_Cate_Id FROM AR_Customer_Item a WHERE a.company_Code=1 AND a.Sku_No=005214 AND a.Uom='EA'"
"8/11/2026 11:12:56 AM","sql_statement_completed","RMS",".Net SqlClient Data Provider","DESKTOP-T5HTV1I","vsnet2020","70","0","0.091000","1","SELECT a.Plu_No, a.Description, a.Selling_Price, a.Item_Code, a.Remark, a.Cate_Id, a.Sub_Cate_Id FROM AR_Customer_Item a WHERE a.company_Code=1 AND a.Sku_No=005464 AND a.Uom='EA'"
"8/11/2026 11:12:56 AM","sql_batch_completed","RMS",".Net SqlClient Data Provider","DESKTOP-T5HTV1I","vsnet2020","70","0","0.123000","1","SELECT a.Plu_No, a.Description, a.Selling_Price, a.Item_Code, a.Remark, a.Cate_Id, a.Sub_Cate_Id FROM AR_Customer_Item a WHERE a.company_Code=1 AND a.Sku_No=005464 AND a.Uom='EA'"
"8/11/2026 11:12:56 AM","sql_batch_completed","RMS",".Net SqlClient Data Provider","DESKTOP-T5HTV1I","vsnet2020","70","0","0.128000","1","SELECT a.Plu_No, a.Description, a.Selling_Price, a.Item_Code, a.Remark, a.Cate_Id, a.Sub_Cate_Id FROM AR_Customer_Item a WHERE a.company_Code=1 AND a.Sku_No=005214 AND a.Uom='EA'"
"8/11/2026 11:12:56 AM","sql_batch_completed","RMS",".Net SqlClient Data Provider","DESKTOP-T5HTV1I","vsnet2020","70","0","0.182000","1","SELECT a.Plu_No, a.Description, a.Selling_Price, a.Item_Code, a.Remark, a.Cate_Id, a.Sub_Cate_Id FROM AR_Customer_Item a WHERE a.company_Code=1 AND a.Sku_No=005213 AND a.Uom='EA'"
"8/11/2026 11:12:56 AM","sql_batch_completed","RMS",".Net SqlClient Data Provider","DESKTOP-T5HTV1I","vsnet2020","70","0","0.202000","1","SELECT a.Plu_No, a.Description, a.Selling_Price, a.Item_Code, a.Remark, a.Cate_Id, a.Sub_Cate_Id FROM AR_Customer_Item a WHERE a.company_Code=1 AND a.Sku_No=005216 AND a.Uom='EA'"
"8/11/2026 11:12:56 AM","rpc_completed","RMS",".Net SqlClient Data Provider","DESKTOP-T5HTV1I","vsnet2020","70","0","0.001000","0","exec sp_reset_connection"
"8/11/2026 11:12:56 AM","rpc_completed","RMS",".Net SqlClient Data Provider","DESKTOP-T5HTV1I","vsnet2020","70","0","0.001000","0","exec sp_reset_connection"
"8/11/2026 11:12:56 AM","rpc_completed","RMS",".Net SqlClient Data Provider","DESKTOP-T5HTV1I","vsnet2020","70","0","0.001000","0","exec sp_reset_connection"
"8/11/2026 11:12:56 AM","rpc_completed","RMS",".Net SqlClient Data Provider","DESKTOP-T5HTV1I","vsnet2020","70","0","0.003000","0","exec sp_reset_connection"
"8/11/2026 11:12:56 AM","rpc_completed","RMS",".Net SqlClient Data Provider","DESKTOP-T5HTV1I","vsnet2020","70","0","0.001000","0","exec sp_reset_connection"
"8/11/2026 11:12:56 AM","rpc_completed","RMS",".Net SqlClient Data Provider","DESKTOP-T5HTV1I","vsnet2020","70","0","0.001000","0","exec sp_reset_connection"
"8/11/2026 11:12:56 AM","rpc_completed","RMS",".Net SqlClient Data Provider","DESKTOP-T5HTV1I","vsnet2020","70","0","0.001000","0","exec sp_reset_connection"
"8/11/2026 11:12:56 AM","rpc_completed","RMS",".Net SqlClient Data Provider","DESKTOP-T5HTV1I","vsnet2020","70","0","0.002000","0","exec sp_reset_connection"
"8/11/2026 11:12:56 AM","rpc_completed","RMS",".Net SqlClient Data Provider","DESKTOP-T5HTV1I","vsnet2020","70","0","0.004000","0","exec sp_reset_connection"
"8/11/2026 11:12:56 AM","sql_batch_completed","RMS",".Net SqlClient Data Provider","DESKTOP-T5HTV1I","vsnet2020","70","0","0.111000","1","SELECT a.Plu_No, a.Description, a.Selling_Price, a.Item_Code, a.Remark, a.Cate_Id, a.Sub_Cate_Id FROM AR_Customer_Item a WHERE a.company_Code=1 AND a.Sku_No=002421 AND a.Uom='PCS'"
"8/11/2026 11:12:56 AM","sql_batch_completed","RMS",".Net SqlClient Data Provider","DESKTOP-T5HTV1I","vsnet2020","70","0","0.126000","1","SELECT a.Plu_No, a.Description, a.Selling_Price, a.Item_Code, a.Remark, a.Cate_Id, a.Sub_Cate_Id FROM AR_Customer_Item a WHERE a.company_Code=1 AND a.Sku_No=003759 AND a.Uom='PCS'"
"8/11/2026 11:12:56 AM","sql_batch_completed","RMS",".Net SqlClient Data Provider","DESKTOP-T5HTV1I","vsnet2020","70","0","0.175000","1","SELECT a.Plu_No, a.Description, a.Selling_Price, a.Item_Code, a.Remark, a.Cate_Id, a.Sub_Cate_Id FROM AR_Customer_Item a WHERE a.company_Code=1 AND a.Sku_No=002419 AND a.Uom='PCS'"
"8/11/2026 11:12:56 AM","sql_batch_completed","RMS",".Net SqlClient Data Provider","DESKTOP-T5HTV1I","vsnet2020","70","0","0.091000","1","SELECT a.Plu_No, a.Description, a.Selling_Price, a.Item_Code, a.Remark, a.Cate_Id, a.Sub_Cate_Id FROM AR_Customer_Item a WHERE a.company_Code=1 AND a.Sku_No=003120 AND a.Uom='PCS'"
"8/11/2026 11:12:56 AM","sql_batch_completed","RMS",".Net SqlClient Data Provider","DESKTOP-T5HTV1I","vsnet2020","70","0","0.098000","1","SELECT a.Plu_No, a.Description, a.Selling_Price, a.Item_Code, a.Remark, a.Cate_Id, a.Sub_Cate_Id FROM AR_Customer_Item a WHERE a.company_Code=1 AND a.Sku_No=003121 AND a.Uom='PCS'"
"8/11/2026 11:12:56 AM","sql_statement_completed","RMS",".Net SqlClient Data Provider","DESKTOP-T5HTV1I","vsnet2020","70","0","0.108000","1","SELECT a.Plu_No, a.Description, a.Selling_Price, a.Item_Code, a.Remark, a.Cate_Id, a.Sub_Cate_Id FROM AR_Customer_Item a WHERE a.company_Code=1 AND a.Sku_No=002419 AND a.Uom='PCS'"
"8/11/2026 11:12:56 AM","sql_statement_completed","RMS",".Net SqlClient Data Provider","DESKTOP-T5HTV1I","vsnet2020","70","0","0.063000","1","SELECT a.Plu_No, a.Description, a.Selling_Price, a.Item_Code, a.Remark, a.Cate_Id, a.Sub_Cate_Id FROM AR_Customer_Item a WHERE a.company_Code=1 AND a.Sku_No=003120 AND a.Uom='PCS'"
"8/11/2026 11:12:56 AM","sql_statement_completed","RMS",".Net SqlClient Data Provider","DESKTOP-T5HTV1I","vsnet2020","70","0","0.068000","1","SELECT a.Plu_No, a.Description, a.Selling_Price, a.Item_Code, a.Remark, a.Cate_Id, a.Sub_Cate_Id FROM AR_Customer_Item a WHERE a.company_Code=1 AND a.Sku_No=003121 AND a.Uom='PCS'"
"8/11/2026 11:12:56 AM","sql_statement_completed","RMS",".Net SqlClient Data Provider","DESKTOP-T5HTV1I","vsnet2020","70","0","0.070000","1","SELECT a.Plu_No, a.Description, a.Selling_Price, a.Item_Code, a.Remark, a.Cate_Id, a.Sub_Cate_Id FROM AR_Customer_Item a WHERE a.company_Code=1 AND a.Sku_No=003759 AND a.Uom='PCS'"
"8/11/2026 11:12:56 AM","sql_statement_completed","RMS",".Net SqlClient Data Provider","DESKTOP-T5HTV1I","vsnet2020","70","0","0.078000","1","SELECT a.Plu_No, a.Description, a.Selling_Price, a.Item_Code, a.Remark, a.Cate_Id, a.Sub_Cate_Id FROM AR_Customer_Item a WHERE a.company_Code=1 AND a.Sku_No=002421 AND a.Uom='PCS'"
"8/11/2026 11:12:56 AM","sql_statement_completed","RMS",".Net SqlClient Data Provider","DESKTOP-T5HTV1I","vsnet2020","70","0","0.063000","1","SELECT a.Plu_No, a.Description, a.Selling_Price, a.Item_Code, a.Remark, a.Cate_Id, a.Sub_Cate_Id FROM AR_Customer_Item a WHERE a.company_Code=1 AND a.Sku_No=005766 AND a.Uom='EA'"
"8/11/2026 11:12:56 AM","sql_statement_completed","RMS",".Net SqlClient Data Provider","DESKTOP-T5HTV1I","vsnet2020","70","0","0.064000","1","SELECT a.Plu_No, a.Description, a.Selling_Price, a.Item_Code, a.Remark, a.Cate_Id, a.Sub_Cate_Id FROM AR_Customer_Item a WHERE a.company_Code=1 AND a.Sku_No=005765 AND a.Uom='EA'"
"8/11/2026 11:12:56 AM","sql_statement_completed","RMS",".Net SqlClient Data Provider","DESKTOP-T5HTV1I","vsnet2020","70","0","0.069000","1","SELECT a.Plu_No, a.Description, a.Selling_Price, a.Item_Code, a.Remark, a.Cate_Id, a.Sub_Cate_Id FROM AR_Customer_Item a WHERE a.company_Code=1 AND a.Sku_No=005221 AND a.Uom='EA'"
"8/11/2026 11:12:56 AM","sql_statement_completed","RMS",".Net SqlClient Data Provider","DESKTOP-T5HTV1I","vsnet2020","70","0","0.071000","1","SELECT a.Plu_No, a.Description, a.Selling_Price, a.Item_Code, a.Remark, a.Cate_Id, a.Sub_Cate_Id FROM AR_Customer_Item a WHERE a.company_Code=1 AND a.Sku_No=005218 AND a.Uom='EA'"
"8/11/2026 11:12:56 AM","sql_statement_completed","RMS",".Net SqlClient Data Provider","DESKTOP-T5HTV1I","vsnet2020","70","0","0.084000","1","SELECT a.Plu_No, a.Description, a.Selling_Price, a.Item_Code, a.Remark, a.Cate_Id, a.Sub_Cate_Id FROM AR_Customer_Item a WHERE a.company_Code=1 AND a.Sku_No=005150 AND a.Uom='EA'"
"8/11/2026 11:12:56 AM","sql_batch_completed","RMS",".Net SqlClient Data Provider","DESKTOP-T5HTV1I","vsnet2020","70","0","0.109000","1","SELECT a.Plu_No, a.Description, a.Selling_Price, a.Item_Code, a.Remark, a.Cate_Id, a.Sub_Cate_Id FROM AR_Customer_Item a WHERE a.company_Code=1 AND a.Sku_No=005221 AND a.Uom='EA'"
"8/11/2026 11:12:56 AM","sql_batch_completed","RMS",".Net SqlClient Data Provider","DESKTOP-T5HTV1I","vsnet2020","70","0","0.117000","1","SELECT a.Plu_No, a.Description, a.Selling_Price, a.Item_Code, a.Remark, a.Cate_Id, a.Sub_Cate_Id FROM AR_Customer_Item a WHERE a.company_Code=1 AND a.Sku_No=005150 AND a.Uom='EA'"
"8/11/2026 11:12:56 AM","sql_batch_completed","RMS",".Net SqlClient Data Provider","DESKTOP-T5HTV1I","vsnet2020","70","0","0.213000","1","SELECT a.Plu_No, a.Description, a.Selling_Price, a.Item_Code, a.Remark, a.Cate_Id, a.Sub_Cate_Id FROM AR_Customer_Item a WHERE a.company_Code=1 AND a.Sku_No=005218 AND a.Uom='EA'"
"8/11/2026 11:12:56 AM","sql_batch_completed","RMS",".Net SqlClient Data Provider","DESKTOP-T5HTV1I","vsnet2020","70","0","0.091000","1","SELECT a.Plu_No, a.Description, a.Selling_Price, a.Item_Code, a.Remark, a.Cate_Id, a.Sub_Cate_Id FROM AR_Customer_Item a WHERE a.company_Code=1 AND a.Sku_No=005765 AND a.Uom='EA'"
"8/11/2026 11:12:56 AM","sql_batch_completed","RMS",".Net SqlClient Data Provider","DESKTOP-T5HTV1I","vsnet2020","70","0","0.091000","1","SELECT a.Plu_No, a.Description, a.Selling_Price, a.Item_Code, a.Remark, a.Cate_Id, a.Sub_Cate_Id FROM AR_Customer_Item a WHERE a.company_Code=1 AND a.Sku_No=005766 AND a.Uom='EA'"
"8/11/2026 11:12:56 AM","rpc_completed","RMS",".Net SqlClient Data Provider","DESKTOP-T5HTV1I","vsnet2020","70","0","0.001000","0","exec sp_reset_connection"
"8/11/2026 11:12:56 AM","rpc_completed","RMS",".Net SqlClient Data Provider","DESKTOP-T5HTV1I","vsnet2020","70","0","0.001000","0","exec sp_reset_connection"
"8/11/2026 11:12:56 AM","rpc_completed","RMS",".Net SqlClient Data Provider","DESKTOP-T5HTV1I","vsnet2020","70","0","0.001000","0","exec sp_reset_connection"
"8/11/2026 11:12:56 AM","rpc_completed","RMS",".Net SqlClient Data Provider","DESKTOP-T5HTV1I","vsnet2020","70","0","0.001000","0","exec sp_reset_connection"
"8/11/2026 11:12:56 AM","rpc_completed","RMS",".Net SqlClient Data Provider","DESKTOP-T5HTV1I","vsnet2020","70","0","0.001000","0","exec sp_reset_connection"
"8/11/2026 11:12:56 AM","sql_batch_completed","RMS",".Net SqlClient Data Provider","DESKTOP-T5HTV1I","vsnet2020","70","0","0.594000","1","SELECT ISNULL(SI_No_Of_Item,0) FROM PI_Company_Location WHERE Company_Code=1 AND Location_Code='FST'"
"8/11/2026 11:12:56 AM","sql_statement_completed","RMS",".Net SqlClient Data Provider","DESKTOP-T5HTV1I","vsnet2020","70","16780805","0.027000","1","SELECT ISNULL(SI_No_Of_Item,0) FROM PI_Company_Location WHERE Company_Code=1 AND Location_Code='FST'"
"8/11/2026 11:12:57 AM","rpc_completed","RMS",".Net SqlClient Data Provider","DESKTOP-T5HTV1I","vsnet2020","70","0","0.021000","0","exec sp_reset_connection"
"8/11/2026 11:12:57 AM","sql_batch_completed","RMS",".Net SqlClient Data Provider","DESKTOP-T5HTV1I","vsnet2020","70","16780806","2.196000","1","SELECT SI_Prelabel, SI_Running_No FROM PI_Company_Location WHERE Company_Code=1 AND Location_Code = 'FST'"
"8/11/2026 11:12:57 AM","sql_statement_completed","RMS",".Net SqlClient Data Provider","DESKTOP-T5HTV1I","vsnet2020","70","16780806","0.102000","1","SELECT SI_Prelabel, SI_Running_No FROM PI_Company_Location WHERE Company_Code=1 AND Location_Code = 'FST'"
"8/11/2026 11:12:57 AM","sql_statement_completed","RMS",".Net SqlClient Data Provider","DESKTOP-T5HTV1I","vsnet2020","70","16780806","0.022000","1","SELECT Status FROM MP_Invoice_Batch WHERE Company_Code=1 AND Batch_No = 46"
"8/11/2026 11:12:57 AM","sql_statement_completed","RMS",".Net SqlClient Data Provider","DESKTOP-T5HTV1I","vsnet2020","70","16780806","0.036000","0","SELECT Invoice_Prelabel FROM MP_Invoice WHERE Company_Code = 1 AND Invoice_Prelabel = 'FST/SI/010075'"
"8/11/2026 11:12:57 AM","sql_batch_completed","RMS",".Net SqlClient Data Provider","DESKTOP-T5HTV1I","vsnet2020","70","16780806","0.653000","1","SELECT Status FROM MP_Invoice_Batch WHERE Company_Code=1 AND Batch_No = 46"
"8/11/2026 11:12:57 AM","sql_batch_completed","RMS",".Net SqlClient Data Provider","DESKTOP-T5HTV1I","vsnet2020","70","16780806","4.859000","0","SELECT Invoice_Prelabel FROM MP_Invoice WHERE Company_Code = 1 AND Invoice_Prelabel = 'FST/SI/010075'"
"8/11/2026 11:12:57 AM","sql_batch_completed","RMS",".Net SqlClient Data Provider","DESKTOP-T5HTV1I","vsnet2020","70","16780806","12.217000","2","INSERT INTO MP_Invoice (Batch_No, Company_Code, Invoice_Prelabel, Invoice_Date, Due_Date, Customer, Ship_To, Representative_ID, Terms, Status, Ref1, Ref2, Ref3, Ref4, Remark1, Remark2, Currency, Rate, Total_Invoice_Quantity, Total_Invoice_Entry, Gross_Amount, Invoice_Discount_Rate, Invoice_Discount_Amount, Invoice_Tax_Rate, Invoice_Tax_Amount, Net_Amount, Rounding_Discount, Other_Charges, Added_By, Added_Date, Last_Modified_By, Last_Modified_Date, LastWriteTimeStamp, Link_Account, Way_Bill_No, Delivered_By, Delivered_Date, Alternate_Company, Alternate_Doc, PP_DiscountByRate, PP_Discount_Rate, PP_Discount_Amount, PP_Due_Date, Location_Code, Project_Code, SY_Location_code, Other_Charges_Rate, DueDate_By_Delivered, PP_DueDate_By_Delivered, Ref5, Allow_Discount_Note, Adjustment_Prelabel, Source_Location_Code, Internal_Reference, Web_Status, GST_Amount, Total_Amount_B4_GST, Web_Link_Prelabel, App_DL_Prelabel,ACC_Entry_Reference, Service_Code, Self_Scan_QR) VALUES (46,1,'FST/SI/010075', CONVERT(DATETIME,'26-04-2026',103), CONVERT(DATETIME,'25-06-2026',103), '01/N01',0,3,'060', 'A', '','','','','','','RM',1.00000000,15.000000,15,140.00,0.0000,0.00,0.0000,0.00,140.00,0,0.00,1, GETDATE(), 1, GETDATE(), GETDATE(),'Y','',1, CONVERT(DATETIME,'26-04-2026 19:11:42 PM',103),'','','N',0.0000,0.00, CONVERT(DATETIME,'25-06-2026',103), 'FST','','',0,'N','Y','','N','','','','',0.0000,140.0000,'FST/SQ/003362','','','','')"
"8/11/2026 11:12:57 AM","sql_statement_completed","RMS",".Net SqlClient Data Provider","DESKTOP-T5HTV1I","vsnet2020","70","16780806","6.956000","1","INSERT INTO MP_Invoice (Batch_No, Company_Code, Invoice_Prelabel, Invoice_Date, Due_Date, Customer, Ship_To, Representative_ID, Terms, Status, Ref1, Ref2, Ref3, Ref4, Remark1, Remark2, Currency, Rate, Total_Invoice_Quantity, Total_Invoice_Entry, Gross_Amount, Invoice_Discount_Rate, Invoice_Discount_Amount, Invoice_Tax_Rate, Invoice_Tax_Amount, Net_Amount, Rounding_Discount, Other_Charges, Added_By, Added_Date, Last_Modified_By, Last_Modified_Date, LastWriteTimeStamp, Link_Account, Way_Bill_No, Delivered_By, Delivered_Date, Alternate_Company, Alternate_Doc, PP_DiscountByRate, PP_Discount_Rate, PP_Discount_Amount, PP_Due_Date, Location_Code, Project_Code, SY_Location_code, Other_Charges_Rate, DueDate_By_Delivered, PP_DueDate_By_Delivered, Ref5, Allow_Discount_Note, Adjustment_Prelabel, Source_Location_Code, Internal_Reference, Web_Status, GST_Amount, Total_Amount_B4_GST, Web_Link_Prelabel, App_DL_Prelabel,ACC_Entry_Reference, Service_Code, Self_Scan_QR) VALUES (46,1,'FST/SI/010075', CONVERT(DATETIME,'26-04-2026',103), CONVERT(DATETIME,'25-06-2026',103), '01/N01',0,3,'060', 'A', '','','','','','','RM',1.00000000,15.000000,15,140.00,0.0000,0.00,0.0000,0.00,140.00,0,0.00,1, GETDATE(), 1, GETDATE(), GETDATE(),'Y','',1, CONVERT(DATETIME,'26-04-2026 19:11:42 PM',103),'','','N',0.0000,0.00, CONVERT(DATETIME,'25-06-2026',103), 'FST','','',0,'N','Y','','N','','','','',0.0000,140.0000,'FST/SQ/003362','','','','')"
"8/11/2026 11:12:57 AM","sql_statement_completed","RMS",".Net SqlClient Data Provider","DESKTOP-T5HTV1I","vsnet2020","70","16780806","0.032000","1","SELECT Counter_No FROM PI_Counter WHERE Counter_Name = 'MP_ITEM_NO' AND Company_Code=1"
"8/11/2026 11:12:57 AM","sql_statement_completed","RMS",".Net SqlClient Data Provider","DESKTOP-T5HTV1I","vsnet2020","70","16780806","0.051000","1","UPDATE PI_Counter SET Counter_No = Counter_No + 1 WHERE Counter_Name = 'MP_ITEM_NO' AND Company_Code=1"
"8/11/2026 11:12:57 AM","sql_batch_completed","RMS",".Net SqlClient Data Provider","DESKTOP-T5HTV1I","vsnet2020","70","16780806","1.454000","1","UPDATE PI_Counter SET Counter_No = Counter_No + 1 WHERE Counter_Name = 'MP_ITEM_NO' AND Company_Code=1"
"8/11/2026 11:12:57 AM","sql_batch_completed","RMS",".Net SqlClient Data Provider","DESKTOP-T5HTV1I","vsnet2020","70","16780806","0.352000","1","SELECT Counter_No FROM PI_Counter WHERE Counter_Name = 'MP_ITEM_NO' AND Company_Code=1"
"8/11/2026 11:12:57 AM","sql_batch_completed","RMS",".Net SqlClient Data Provider","DESKTOP-T5HTV1I","vsnet2020","70","16780806","8.895000","1"," SELECT a2.Plu_No FROM (SELECT a1.Company_Code, a1.Sku_No, a1.Uom, a1.Plu_No, a1.Added_Date FROM In_Stock_Plu a1 WHERE a1.Company_Code=1 AND EXISTS (SELECT Sku_NO, Uom, MAX(LEN(Plu_No)) FROM In_Stock_Plu WHERE Company_Code=a1.Company_Code AND Sku_No=a1.Sku_No AND Uom=a1.Uom  AND Status='A' GROUP BY Sku_No, Uom HAVING LEN(a1.Plu_No)=MAX(LEN(Plu_No)))) a2 INNER JOIN (SELECT a1.Company_Code, a1.Sku_No, a1.Uom, MAX(a1.Added_Date) as MaxDate FROM In_Stock_Plu a1 WHERE a1.Company_Code=1 AND EXISTS (SELECT Sku_NO, Uom, MAX(LEN(Plu_No)) FROM In_Stock_Plu WHERE Company_Code=a1.Company_Code AND Sku_No=a1.Sku_No AND Uom=a1.Uom  AND Status='A' GROUP BY Sku_No, Uom HAVING LEN(a1.Plu_No)=MAX(LEN(Plu_No))) GROUP BY a1.Company_Code, a1.Sku_No, a1.Uom) a3 on a2.Company_Code=a3.Company_Code and a2.sku_no=a3.sku_no and a2.Uom=a3.Uom and a2.added_date=a3.MaxDate WHERE a2.Company_Code=1 AND a2.Sku_No=5146 AND a2.Uom='EA'"
"8/11/2026 11:12:57 AM","sql_statement_completed","RMS",".Net SqlClient Data Provider","DESKTOP-T5HTV1I","vsnet2020","70","16780806","0.857000","1","SELECT a2.Plu_No FROM (SELECT a1.Company_Code, a1.Sku_No, a1.Uom, a1.Plu_No, a1.Added_Date FROM In_Stock_Plu a1 WHERE a1.Company_Code=1 AND EXISTS (SELECT Sku_NO, Uom, MAX(LEN(Plu_No)) FROM In_Stock_Plu WHERE Company_Code=a1.Company_Code AND Sku_No=a1.Sku_No AND Uom=a1.Uom  AND Status='A' GROUP BY Sku_No, Uom HAVING LEN(a1.Plu_No)=MAX(LEN(Plu_No)))) a2 INNER JOIN (SELECT a1.Company_Code, a1.Sku_No, a1.Uom, MAX(a1.Added_Date) as MaxDate FROM In_Stock_Plu a1 WHERE a1.Company_Code=1 AND EXISTS (SELECT Sku_NO, Uom, MAX(LEN(Plu_No)) FROM In_Stock_Plu WHERE Company_Code=a1.Company_Code AND Sku_No=a1.Sku_No AND Uom=a1.Uom  AND Status='A' GROUP BY Sku_No, Uom HAVING LEN(a1.Plu_No)=MAX(LEN(Plu_No))) GROUP BY a1.Company_Code, a1.Sku_No, a1.Uom) a3 on a2.Company_Code=a3.Company_Code and a2.sku_no=a3.sku_no and a2.Uom=a3.Uom and a2.added_date=a3.MaxDate WHERE a2.Company_Code=1 AND a2.Sku_No=5146 AND a2.Uom='EA'"
"8/11/2026 11:12:57 AM","sql_statement_completed","RMS",".Net SqlClient Data Provider","DESKTOP-T5HTV1I","vsnet2020","70","16780806","0.202000","1","INSERT INTO MP_Invoice_Item (Company_Code, Location_Code, Invoice_PreLabel, Sequence_No, DO_Prelabel, Due_Date, Sku_No, Uom, Factor, Status, Quantity, Quantity_Loose, Foc, Foc_Loose, Unit_Price, Unit_Price_Basic, Unit_Discount_Rate1, Unit_Discount_Amount1, Unit_Discount_Rate2, Unit_Discount_Amount2, Unit_Discount_Rate, Unit_Discount_Amount, Gross_Amount, Tax_Rate, Tax_Amount, Net_Amount, Plu_No, Remark, Instant_Normal_Selling_Price, Average_Cost, Standard_Cost, Fifo_Cost, Last_Cost, Misc_Cost, Added_Date, Return_Qty, PI_Invoice_No, Source, Stock_Type, Company_Comm_Rate, Promoter_Comm_Rate, Open_Price, Project_Code, SY_Location_Code, CTN_Uom, CTN_Unit_Price, Name_No, Alternate_Description,Item_Sequence,GST_Code, GST_Price,Quantity_Loss,Quantity_Original, Nos) VALUES (1,'FST','FST/SI/010075',196791,'', CONVERT(DATETIME,'01-01-1900',103), 5146,'EA',1.00,'A',1.0000,0.0000,0.0000,0.0000,28.00000000,28.0000,0.0000,0.0000,0.0000,0.0000,0,0.0000,0,0.0000,0.0000,28.00,'9555553403576','',40.0000,18.9875,22.5000,0.0000,18.9875,0.0000, CONVERT(DATETIME,'11-08-2026 19:12:52 PM',103),0,'','','O',0.00,0.00,'N','','','EA',28.00000000,0,'',1,'',28.00000000,0.0000,1.0000,0)"
"8/11/2026 11:12:57 AM","sql_batch_completed","RMS",".Net SqlClient Data Provider","DESKTOP-T5HTV1I","vsnet2020","70","16780806","4.961000","1","INSERT INTO MP_Invoice_Item (Company_Code, Location_Code, Invoice_PreLabel, Sequence_No, DO_Prelabel, Due_Date, Sku_No, Uom, Factor, Status, Quantity, Quantity_Loose, Foc, Foc_Loose, Unit_Price, Unit_Price_Basic, Unit_Discount_Rate1, Unit_Discount_Amount1, Unit_Discount_Rate2, Unit_Discount_Amount2, Unit_Discount_Rate, Unit_Discount_Amount, Gross_Amount, Tax_Rate, Tax_Amount, Net_Amount, Plu_No, Remark, Instant_Normal_Selling_Price, Average_Cost, Standard_Cost, Fifo_Cost, Last_Cost, Misc_Cost, Added_Date, Return_Qty, PI_Invoice_No, Source, Stock_Type, Company_Comm_Rate, Promoter_Comm_Rate, Open_Price, Project_Code, SY_Location_Code, CTN_Uom, CTN_Unit_Price, Name_No, Alternate_Description,Item_Sequence,GST_Code, GST_Price,Quantity_Loss,Quantity_Original, Nos) VALUES (1,'FST','FST/SI/010075',196791,'', CONVERT(DATETIME,'01-01-1900',103), 5146,'EA',1.00,'A',1.0000,0.0000,0.0000,0.0000,28.00000000,28.0000,0.0000,0.0000,0.0000,0.0000,0,0.0000,0,0.0000,0.0000,28.00,'9555553403576','',40.0000,18.9875,22.5000,0.0000,18.9875,0.0000, CONVERT(DATETIME,'11-08-2026 19:12:52 PM',103),0,'','','O',0.00,0.00,'N','','','EA',28.00000000,0,'',1,'',28.00000000,0.0000,1.0000,0)"
"8/11/2026 11:12:57 AM","sql_batch_completed","RMS",".Net SqlClient Data Provider","DESKTOP-T5HTV1I","vsnet2020","70","16780806","3.120000","1","UPDATE In_Stock SET Qty_On_Trading = Qty_On_Trading + 1.000000, Last_Modified_By = 1, LastWriteTimeStamp = GETDATE()  WHERE Company_Code = 1 AND Sku_No = 5146"
"8/11/2026 11:12:57 AM","sql_statement_completed","RMS",".Net SqlClient Data Provider","DESKTOP-T5HTV1I","vsnet2020","70","16780806","0.154000","1","UPDATE In_Stock SET Qty_On_Trading = Qty_On_Trading + 1.000000, Last_Modified_By = 1, LastWriteTimeStamp = GETDATE()  WHERE Company_Code = 1 AND Sku_No = 5146"
"8/11/2026 11:12:57 AM","sql_statement_completed","RMS",".Net SqlClient Data Provider","DESKTOP-T5HTV1I","vsnet2020","70","16780806","0.024000","1","Select Location_Code From In_Stock_Location  WHERE Sku_No = 5146 AND Company_Code=1 AND Location_Code='FST'"
"8/11/2026 11:12:57 AM","sql_batch_completed","RMS",".Net SqlClient Data Provider","DESKTOP-T5HTV1I","vsnet2020","70","16780806","0.403000","1","Select Location_Code From In_Stock_Location  WHERE Sku_No = 5146 AND Company_Code=1 AND Location_Code='FST'"
"8/11/2026 11:12:57 AM","sql_batch_completed","RMS",".Net SqlClient Data Provider","DESKTOP-T5HTV1I","vsnet2020","70","16780806","1.194000","1","UPDATE In_Stock_Location SET Qty_On_Trading = Qty_On_Trading + 1.000000 WHERE Sku_No = 5146 AND Company_Code=1 AND Location_Code='FST'"
"8/11/2026 11:12:57 AM","sql_statement_completed","RMS",".Net SqlClient Data Provider","DESKTOP-T5HTV1I","vsnet2020","70","16780806","0.064000","1","UPDATE In_Stock_Location SET Qty_On_Trading = Qty_On_Trading + 1.000000 WHERE Sku_No = 5146 AND Company_Code=1 AND Location_Code='FST'"
"8/11/2026 11:12:57 AM","sql_statement_completed","RMS",".Net SqlClient Data Provider","DESKTOP-T5HTV1I","vsnet2020","70","16780806","0.020000","1","SELECT Counter_No FROM PI_Counter WHERE Counter_Name = 'MP_ITEM_NO' AND Company_Code=1"
"8/11/2026 11:12:57 AM","sql_statement_completed","RMS",".Net SqlClient Data Provider","DESKTOP-T5HTV1I","vsnet2020","70","16780806","0.033000","1","UPDATE PI_Counter SET Counter_No = Counter_No + 1 WHERE Counter_Name = 'MP_ITEM_NO' AND Company_Code=1"
"8/11/2026 11:12:57 AM","sql_batch_completed","RMS",".Net SqlClient Data Provider","DESKTOP-T5HTV1I","vsnet2020","70","16780806","0.030000","1","SELECT Counter_No FROM PI_Counter WHERE Counter_Name = 'MP_ITEM_NO' AND Company_Code=1"
"8/11/2026 11:12:57 AM","sql_batch_completed","RMS",".Net SqlClient Data Provider","DESKTOP-T5HTV1I","vsnet2020","70","16780806","0.059000","1","UPDATE PI_Counter SET Counter_No = Counter_No + 1 WHERE Counter_Name = 'MP_ITEM_NO' AND Company_Code=1"
"8/11/2026 11:12:57 AM","sql_batch_completed","RMS",".Net SqlClient Data Provider","DESKTOP-T5HTV1I","vsnet2020","70","16780806","3.519000","1","INSERT INTO MP_Invoice_Item (Company_Code, Location_Code, Invoice_PreLabel, Sequence_No, DO_Prelabel, Due_Date, Sku_No, Uom, Factor, Status, Quantity, Quantity_Loose, Foc, Foc_Loose, Unit_Price, Unit_Price_Basic, Unit_Discount_Rate1, Unit_Discount_Amount1, Unit_Discount_Rate2, Unit_Discount_Amount2, Unit_Discount_Rate, Unit_Discount_Amount, Gross_Amount, Tax_Rate, Tax_Amount, Net_Amount, Plu_No, Remark, Instant_Normal_Selling_Price, Average_Cost, Standard_Cost, Fifo_Cost, Last_Cost, Misc_Cost, Added_Date, Return_Qty, PI_Invoice_No, Source, Stock_Type, Company_Comm_Rate, Promoter_Comm_Rate, Open_Price, Project_Code, SY_Location_Code, CTN_Uom, CTN_Unit_Price, Name_No, Alternate_Description,Item_Sequence,GST_Code, GST_Price,Quantity_Loss,Quantity_Original, Nos) VALUES (1,'FST','FST/SI/010075',196792,'', CONVERT(DATETIME,'01-01-1900',103), 5216,'EA',1.00,'A',1.0000,0.0000,0.0000,0.0000,18.50000000,18.5000,0.0000,0.0000,0.0000,0.0000,0,0.0000,0,0.0000,0.0000,18.50,'6228480380076','',23.0000,8.4500,13.6000,0.0000,8.4500,0.0000, CONVERT(DATETIME,'11-08-2026 19:12:53 PM',103),0,'','','O',0.00,0.00,'N','','','EA',18.50000000,0,'',2,'',18.50000000,0.0000,1.0000,0)"
"8/11/2026 11:12:57 AM","sql_statement_completed","RMS",".Net SqlClient Data Provider","DESKTOP-T5HTV1I","vsnet2020","70","16780806","0.934000","1","INSERT INTO MP_Invoice_Item (Company_Code, Location_Code, Invoice_PreLabel, Sequence_No, DO_Prelabel, Due_Date, Sku_No, Uom, Factor, Status, Quantity, Quantity_Loose, Foc, Foc_Loose, Unit_Price, Unit_Price_Basic, Unit_Discount_Rate1, Unit_Discount_Amount1, Unit_Discount_Rate2, Unit_Discount_Amount2, Unit_Discount_Rate, Unit_Discount_Amount, Gross_Amount, Tax_Rate, Tax_Amount, Net_Amount, Plu_No, Remark, Instant_Normal_Selling_Price, Average_Cost, Standard_Cost, Fifo_Cost, Last_Cost, Misc_Cost, Added_Date, Return_Qty, PI_Invoice_No, Source, Stock_Type, Company_Comm_Rate, Promoter_Comm_Rate, Open_Price, Project_Code, SY_Location_Code, CTN_Uom, CTN_Unit_Price, Name_No, Alternate_Description,Item_Sequence,GST_Code, GST_Price,Quantity_Loss,Quantity_Original, Nos) VALUES (1,'FST','FST/SI/010075',196792,'', CONVERT(DATETIME,'01-01-1900',103), 5216,'EA',1.00,'A',1.0000,0.0000,0.0000,0.0000,18.50000000,18.5000,0.0000,0.0000,0.0000,0.0000,0,0.0000,0,0.0000,0.0000,18.50,'6228480380076','',23.0000,8.4500,13.6000,0.0000,8.4500,0.0000, CONVERT(DATETIME,'11-08-2026 19:12:53 PM',103),0,'','','O',0.00,0.00,'N','','','EA',18.50000000,0,'',2,'',18.50000000,0.0000,1.0000,0)"
"8/11/2026 11:12:57 AM","sql_statement_completed","RMS",".Net SqlClient Data Provider","DESKTOP-T5HTV1I","vsnet2020","70","16780806","0.015000","1","SELECT Counter_No FROM PI_Counter WHERE Counter_Name = 'MP_ITEM_NO' AND Company_Code=1"
"8/11/2026 11:12:57 AM","sql_statement_completed","RMS",".Net SqlClient Data Provider","DESKTOP-T5HTV1I","vsnet2020","70","16780806","0.019000","1","UPDATE PI_Counter SET Counter_No = Counter_No + 1 WHERE Counter_Name = 'MP_ITEM_NO' AND Company_Code=1"
"8/11/2026 11:12:57 AM","sql_statement_completed","RMS",".Net SqlClient Data Provider","DESKTOP-T5HTV1I","vsnet2020","70","16780806","0.023000","1","Select Location_Code From In_Stock_Location  WHERE Sku_No = 5216 AND Company_Code=1 AND Location_Code='FST'"
"8/11/2026 11:12:57 AM","sql_statement_completed","RMS",".Net SqlClient Data Provider","DESKTOP-T5HTV1I","vsnet2020","70","16780806","0.026000","1","UPDATE In_Stock_Location SET Qty_On_Trading = Qty_On_Trading + 1.000000 WHERE Sku_No = 5216 AND Company_Code=1 AND Location_Code='FST'"
"8/11/2026 11:12:57 AM","sql_statement_completed","RMS",".Net SqlClient Data Provider","DESKTOP-T5HTV1I","vsnet2020","70","16780806","0.033000","1","INSERT INTO MP_Invoice_Item (Company_Code, Location_Code, Invoice_PreLabel, Sequence_No, DO_Prelabel, Due_Date, Sku_No, Uom, Factor, Status, Quantity, Quantity_Loose, Foc, Foc_Loose, Unit_Price, Unit_Price_Basic, Unit_Discount_Rate1, Unit_Discount_Amount1, Unit_Discount_Rate2, Unit_Discount_Amount2, Unit_Discount_Rate, Unit_Discount_Amount, Gross_Amount, Tax_Rate, Tax_Amount, Net_Amount, Plu_No, Remark, Instant_Normal_Selling_Price, Average_Cost, Standard_Cost, Fifo_Cost, Last_Cost, Misc_Cost, Added_Date, Return_Qty, PI_Invoice_No, Source, Stock_Type, Company_Comm_Rate, Promoter_Comm_Rate, Open_Price, Project_Code, SY_Location_Code, CTN_Uom, CTN_Unit_Price, Name_No, Alternate_Description,Item_Sequence,GST_Code, GST_Price,Quantity_Loss,Quantity_Original, Nos) VALUES (1,'FST','FST/SI/010075',196793,'', CONVERT(DATETIME,'01-01-1900',103), 5213,'EA',1.00,'A',1.0000,0.0000,0.0000,0.0000,14.50000000,14.5000,0.0000,0.0000,0.0000,0.0000,0,0.0000,0,0.0000,0.0000,14.50,'6228480380113','',19.0000,6.6000,11.0000,0.0000,6.6000,0.0000, CONVERT(DATETIME,'11-08-2026 19:12:54 PM',103),0,'','','O',0.00,0.00,'N','','','EA',14.50000000,0,'',3,'',14.50000000,0.0000,1.0000,0)"
"8/11/2026 11:12:57 AM","sql_statement_completed","RMS",".Net SqlClient Data Provider","DESKTOP-T5HTV1I","vsnet2020","70","16780806","0.041000","1","UPDATE In_Stock SET Qty_On_Trading = Qty_On_Trading + 1.000000, Last_Modified_By = 1, LastWriteTimeStamp = GETDATE()  WHERE Company_Code = 1 AND Sku_No = 5216"
"8/11/2026 11:12:57 AM","sql_batch_completed","RMS",".Net SqlClient Data Provider","DESKTOP-T5HTV1I","vsnet2020","70","16780806","0.109000","1","Select Location_Code From In_Stock_Location  WHERE Sku_No = 5216 AND Company_Code=1 AND Location_Code='FST'"
"8/11/2026 11:12:57 AM","sql_batch_completed","RMS",".Net SqlClient Data Provider","DESKTOP-T5HTV1I","vsnet2020","70","16780806","0.117000","1","UPDATE In_Stock_Location SET Qty_On_Trading = Qty_On_Trading + 1.000000 WHERE Sku_No = 5216 AND Company_Code=1 AND Location_Code='FST'"
"8/11/2026 11:12:57 AM","sql_batch_completed","RMS",".Net SqlClient Data Provider","DESKTOP-T5HTV1I","vsnet2020","70","16780806","0.132000","1","UPDATE In_Stock SET Qty_On_Trading = Qty_On_Trading + 1.000000, Last_Modified_By = 1, LastWriteTimeStamp = GETDATE()  WHERE Company_Code = 1 AND Sku_No = 5216"
"8/11/2026 11:12:57 AM","sql_batch_completed","RMS",".Net SqlClient Data Provider","DESKTOP-T5HTV1I","vsnet2020","70","16780806","0.174000","1","INSERT INTO MP_Invoice_Item (Company_Code, Location_Code, Invoice_PreLabel, Sequence_No, DO_Prelabel, Due_Date, Sku_No, Uom, Factor, Status, Quantity, Quantity_Loose, Foc, Foc_Loose, Unit_Price, Unit_Price_Basic, Unit_Discount_Rate1, Unit_Discount_Amount1, Unit_Discount_Rate2, Unit_Discount_Amount2, Unit_Discount_Rate, Unit_Discount_Amount, Gross_Amount, Tax_Rate, Tax_Amount, Net_Amount, Plu_No, Remark, Instant_Normal_Selling_Price, Average_Cost, Standard_Cost, Fifo_Cost, Last_Cost, Misc_Cost, Added_Date, Return_Qty, PI_Invoice_No, Source, Stock_Type, Company_Comm_Rate, Promoter_Comm_Rate, Open_Price, Project_Code, SY_Location_Code, CTN_Uom, CTN_Unit_Price, Name_No, Alternate_Description,Item_Sequence,GST_Code, GST_Price,Quantity_Loss,Quantity_Original, Nos) VALUES (1,'FST','FST/SI/010075',196793,'', CONVERT(DATETIME,'01-01-1900',103), 5213,'EA',1.00,'A',1.0000,0.0000,0.0000,0.0000,14.50000000,14.5000,0.0000,0.0000,0.0000,0.0000,0,0.0000,0,0.0000,0.0000,14.50,'6228480380113','',19.0000,6.6000,11.0000,0.0000,6.6000,0.0000, CONVERT(DATETIME,'11-08-2026 19:12:54 PM',103),0,'','','O',0.00,0.00,'N','','','EA',14.50000000,0,'',3,'',14.50000000,0.0000,1.0000,0)"
"8/11/2026 11:12:57 AM","sql_batch_completed","RMS",".Net SqlClient Data Provider","DESKTOP-T5HTV1I","vsnet2020","70","16780806","0.022000","1","SELECT Counter_No FROM PI_Counter WHERE Counter_Name = 'MP_ITEM_NO' AND Company_Code=1"
"8/11/2026 11:12:57 AM","sql_batch_completed","RMS",".Net SqlClient Data Provider","DESKTOP-T5HTV1I","vsnet2020","70","16780806","0.027000","1","UPDATE PI_Counter SET Counter_No = Counter_No + 1 WHERE Counter_Name = 'MP_ITEM_NO' AND Company_Code=1"
"8/11/2026 11:12:57 AM","sql_batch_completed","RMS",".Net SqlClient Data Provider","DESKTOP-T5HTV1I","vsnet2020","70","16780806","0.100000","1","UPDATE In_Stock SET Qty_On_Trading = Qty_On_Trading + 1.000000, Last_Modified_By = 1, LastWriteTimeStamp = GETDATE()  WHERE Company_Code = 1 AND Sku_No = 5214"
"8/11/2026 11:12:57 AM","sql_batch_completed","RMS",".Net SqlClient Data Provider","DESKTOP-T5HTV1I","vsnet2020","70","16780806","0.115000","1","UPDATE In_Stock SET Qty_On_Trading = Qty_On_Trading + 1.000000, Last_Modified_By = 1, LastWriteTimeStamp = GETDATE()  WHERE Company_Code = 1 AND Sku_No = 5213"
"8/11/2026 11:12:57 AM","sql_batch_completed","RMS",".Net SqlClient Data Provider","DESKTOP-T5HTV1I","vsnet2020","70","16780806","0.161000","1","INSERT INTO MP_Invoice_Item (Company_Code, Location_Code, Invoice_PreLabel, Sequence_No, DO_Prelabel, Due_Date, Sku_No, Uom, Factor, Status, Quantity, Quantity_Loose, Foc, Foc_Loose, Unit_Price, Unit_Price_Basic, Unit_Discount_Rate1, Unit_Discount_Amount1, Unit_Discount_Rate2, Unit_Discount_Amount2, Unit_Discount_Rate, Unit_Discount_Amount, Gross_Amount, Tax_Rate, Tax_Amount, Net_Amount, Plu_No, Remark, Instant_Normal_Selling_Price, Average_Cost, Standard_Cost, Fifo_Cost, Last_Cost, Misc_Cost, Added_Date, Return_Qty, PI_Invoice_No, Source, Stock_Type, Company_Comm_Rate, Promoter_Comm_Rate, Open_Price, Project_Code, SY_Location_Code, CTN_Uom, CTN_Unit_Price, Name_No, Alternate_Description,Item_Sequence,GST_Code, GST_Price,Quantity_Loss,Quantity_Original, Nos) VALUES (1,'FST','FST/SI/010075',196794,'', CONVERT(DATETIME,'01-01-1900',103), 5214,'EA',1.00,'A',1.0000,0.0000,0.0000,0.0000,16.50000000,16.5000,0.0000,0.0000,0.0000,0.0000,0,0.0000,0,0.0000,0.0000,16.50,'6228480380083','',19.5000,7.2000,11.6000,0.0000,7.2000,0.0000, CONVERT(DATETIME,'11-08-2026 19:12:55 PM',103),0,'','','O',0.00,0.00,'N','','','EA',16.50000000,0,'',4,'',16.50000000,0.0000,1.0000,0)"
"8/11/2026 11:12:57 AM","sql_batch_completed","RMS",".Net SqlClient Data Provider","DESKTOP-T5HTV1I","vsnet2020","70","16780806","0.021000","1","SELECT Counter_No FROM PI_Counter WHERE Counter_Name = 'MP_ITEM_NO' AND Company_Code=1"
"8/11/2026 11:12:57 AM","sql_batch_completed","RMS",".Net SqlClient Data Provider","DESKTOP-T5HTV1I","vsnet2020","70","16780806","0.024000","1","UPDATE PI_Counter SET Counter_No = Counter_No + 1 WHERE Counter_Name = 'MP_ITEM_NO' AND Company_Code=1"
"8/11/2026 11:12:57 AM","sql_batch_completed","RMS",".Net SqlClient Data Provider","DESKTOP-T5HTV1I","vsnet2020","70","16780806","0.065000","1","Select Location_Code From In_Stock_Location  WHERE Sku_No = 5213 AND Company_Code=1 AND Location_Code='FST'"
"8/11/2026 11:12:57 AM","sql_batch_completed","RMS",".Net SqlClient Data Provider","DESKTOP-T5HTV1I","vsnet2020","70","16780806","0.081000","1","UPDATE In_Stock_Location SET Qty_On_Trading = Qty_On_Trading + 1.000000 WHERE Sku_No = 5213 AND Company_Code=1 AND Location_Code='FST'"
"8/11/2026 11:12:57 AM","sql_statement_completed","RMS",".Net SqlClient Data Provider","DESKTOP-T5HTV1I","vsnet2020","70","16780806","0.013000","1","SELECT Counter_No FROM PI_Counter WHERE Counter_Name = 'MP_ITEM_NO' AND Company_Code=1"
"8/11/2026 11:12:57 AM","sql_statement_completed","RMS",".Net SqlClient Data Provider","DESKTOP-T5HTV1I","vsnet2020","70","16780806","0.015000","1","Select Location_Code From In_Stock_Location  WHERE Sku_No = 5213 AND Company_Code=1 AND Location_Code='FST'"
"8/11/2026 11:12:57 AM","sql_statement_completed","RMS",".Net SqlClient Data Provider","DESKTOP-T5HTV1I","vsnet2020","70","16780806","0.016000","1","UPDATE PI_Counter SET Counter_No = Counter_No + 1 WHERE Counter_Name = 'MP_ITEM_NO' AND Company_Code=1"
"8/11/2026 11:12:57 AM","sql_statement_completed","RMS",".Net SqlClient Data Provider","DESKTOP-T5HTV1I","vsnet2020","70","16780806","0.017000","1","UPDATE In_Stock_Location SET Qty_On_Trading = Qty_On_Trading + 1.000000 WHERE Sku_No = 5213 AND Company_Code=1 AND Location_Code='FST'"
"8/11/2026 11:12:57 AM","sql_statement_completed","RMS",".Net SqlClient Data Provider","DESKTOP-T5HTV1I","vsnet2020","70","16780806","0.022000","1","UPDATE In_Stock SET Qty_On_Trading = Qty_On_Trading + 1.000000, Last_Modified_By = 1, LastWriteTimeStamp = GETDATE()  WHERE Company_Code = 1 AND Sku_No = 5214"
"8/11/2026 11:12:57 AM","sql_statement_completed","RMS",".Net SqlClient Data Provider","DESKTOP-T5HTV1I","vsnet2020","70","16780806","0.027000","1","UPDATE In_Stock SET Qty_On_Trading = Qty_On_Trading + 1.000000, Last_Modified_By = 1, LastWriteTimeStamp = GETDATE()  WHERE Company_Code = 1 AND Sku_No = 5213"
"8/11/2026 11:12:57 AM","sql_statement_completed","RMS",".Net SqlClient Data Provider","DESKTOP-T5HTV1I","vsnet2020","70","16780806","0.033000","1","INSERT INTO MP_Invoice_Item (Company_Code, Location_Code, Invoice_PreLabel, Sequence_No, DO_Prelabel, Due_Date, Sku_No, Uom, Factor, Status, Quantity, Quantity_Loose, Foc, Foc_Loose, Unit_Price, Unit_Price_Basic, Unit_Discount_Rate1, Unit_Discount_Amount1, Unit_Discount_Rate2, Unit_Discount_Amount2, Unit_Discount_Rate, Unit_Discount_Amount, Gross_Amount, Tax_Rate, Tax_Amount, Net_Amount, Plu_No, Remark, Instant_Normal_Selling_Price, Average_Cost, Standard_Cost, Fifo_Cost, Last_Cost, Misc_Cost, Added_Date, Return_Qty, PI_Invoice_No, Source, Stock_Type, Company_Comm_Rate, Promoter_Comm_Rate, Open_Price, Project_Code, SY_Location_Code, CTN_Uom, CTN_Unit_Price, Name_No, Alternate_Description,Item_Sequence,GST_Code, GST_Price,Quantity_Loss,Quantity_Original, Nos) VALUES (1,'FST','FST/SI/010075',196794,'', CONVERT(DATETIME,'01-01-1900',103), 5214,'EA',1.00,'A',1.0000,0.0000,0.0000,0.0000,16.50000000,16.5000,0.0000,0.0000,0.0000,0.0000,0,0.0000,0,0.0000,0.0000,16.50,'6228480380083','',19.5000,7.2000,11.6000,0.0000,7.2000,0.0000, CONVERT(DATETIME,'11-08-2026 19:12:55 PM',103),0,'','','O',0.00,0.00,'N','','','EA',16.50000000,0,'',4,'',16.50000000,0.0000,1.0000,0)"
"8/11/2026 11:12:57 AM","sql_statement_completed","RMS",".Net SqlClient Data Provider","DESKTOP-T5HTV1I","vsnet2020","70","16780806","0.013000","1","SELECT Counter_No FROM PI_Counter WHERE Counter_Name = 'MP_ITEM_NO' AND Company_Code=1"
"8/11/2026 11:12:57 AM","sql_statement_completed","RMS",".Net SqlClient Data Provider","DESKTOP-T5HTV1I","vsnet2020","70","16780806","0.014000","1","Select Location_Code From In_Stock_Location  WHERE Sku_No = 5214 AND Company_Code=1 AND Location_Code='FST'"
"8/11/2026 11:12:57 AM","sql_statement_completed","RMS",".Net SqlClient Data Provider","DESKTOP-T5HTV1I","vsnet2020","70","16780806","0.016000","1","UPDATE PI_Counter SET Counter_No = Counter_No + 1 WHERE Counter_Name = 'MP_ITEM_NO' AND Company_Code=1"
"8/11/2026 11:12:57 AM","sql_statement_completed","RMS",".Net SqlClient Data Provider","DESKTOP-T5HTV1I","vsnet2020","70","16780806","0.021000","1","UPDATE In_Stock_Location SET Qty_On_Trading = Qty_On_Trading + 1.000000 WHERE Sku_No = 5214 AND Company_Code=1 AND Location_Code='FST'"
"8/11/2026 11:12:57 AM","sql_batch_completed","RMS",".Net SqlClient Data Provider","DESKTOP-T5HTV1I","vsnet2020","70","16780806","0.020000","1","SELECT Counter_No FROM PI_Counter WHERE Counter_Name = 'MP_ITEM_NO' AND Company_Code=1"
"8/11/2026 11:12:57 AM","sql_batch_completed","RMS",".Net SqlClient Data Provider","DESKTOP-T5HTV1I","vsnet2020","70","16780806","0.023000","1","UPDATE PI_Counter SET Counter_No = Counter_No + 1 WHERE Counter_Name = 'MP_ITEM_NO' AND Company_Code=1"
"8/11/2026 11:12:57 AM","sql_batch_completed","RMS",".Net SqlClient Data Provider","DESKTOP-T5HTV1I","vsnet2020","70","16780806","0.061000","1","Select Location_Code From In_Stock_Location  WHERE Sku_No = 5214 AND Company_Code=1 AND Location_Code='FST'"
"8/11/2026 11:12:57 AM","sql_batch_completed","RMS",".Net SqlClient Data Provider","DESKTOP-T5HTV1I","vsnet2020","70","16780806","0.066000","1","UPDATE In_Stock_Location SET Qty_On_Trading = Qty_On_Trading + 1.000000 WHERE Sku_No = 5214 AND Company_Code=1 AND Location_Code='FST'"
"8/11/2026 11:12:57 AM","sql_batch_completed","RMS",".Net SqlClient Data Provider","DESKTOP-T5HTV1I","vsnet2020","70","16780806","6.219000","1"," SELECT a2.Plu_No FROM (SELECT a1.Company_Code, a1.Sku_No, a1.Uom, a1.Plu_No, a1.Added_Date FROM In_Stock_Plu a1 WHERE a1.Company_Code=1 AND EXISTS (SELECT Sku_NO, Uom, MAX(LEN(Plu_No)) FROM In_Stock_Plu WHERE Company_Code=a1.Company_Code AND Sku_No=a1.Sku_No AND Uom=a1.Uom  AND Status='A' GROUP BY Sku_No, Uom HAVING LEN(a1.Plu_No)=MAX(LEN(Plu_No)))) a2 INNER JOIN (SELECT a1.Company_Code, a1.Sku_No, a1.Uom, MAX(a1.Added_Date) as MaxDate FROM In_Stock_Plu a1 WHERE a1.Company_Code=1 AND EXISTS (SELECT Sku_NO, Uom, MAX(LEN(Plu_No)) FROM In_Stock_Plu WHERE Company_Code=a1.Company_Code AND Sku_No=a1.Sku_No AND Uom=a1.Uom  AND Status='A' GROUP BY Sku_No, Uom HAVING LEN(a1.Plu_No)=MAX(LEN(Plu_No))) GROUP BY a1.Company_Code, a1.Sku_No, a1.Uom) a3 on a2.Company_Code=a3.Company_Code and a2.sku_no=a3.sku_no and a2.Uom=a3.Uom and a2.added_date=a3.MaxDate WHERE a2.Company_Code=1 AND a2.Sku_No=5464 AND a2.Uom='EA'"
"8/11/2026 11:12:57 AM","sql_statement_completed","RMS",".Net SqlClient Data Provider","DESKTOP-T5HTV1I","vsnet2020","70","16780806","0.297000","1","SELECT a2.Plu_No FROM (SELECT a1.Company_Code, a1.Sku_No, a1.Uom, a1.Plu_No, a1.Added_Date FROM In_Stock_Plu a1 WHERE a1.Company_Code=1 AND EXISTS (SELECT Sku_NO, Uom, MAX(LEN(Plu_No)) FROM In_Stock_Plu WHERE Company_Code=a1.Company_Code AND Sku_No=a1.Sku_No AND Uom=a1.Uom  AND Status='A' GROUP BY Sku_No, Uom HAVING LEN(a1.Plu_No)=MAX(LEN(Plu_No)))) a2 INNER JOIN (SELECT a1.Company_Code, a1.Sku_No, a1.Uom, MAX(a1.Added_Date) as MaxDate FROM In_Stock_Plu a1 WHERE a1.Company_Code=1 AND EXISTS (SELECT Sku_NO, Uom, MAX(LEN(Plu_No)) FROM In_Stock_Plu WHERE Company_Code=a1.Company_Code AND Sku_No=a1.Sku_No AND Uom=a1.Uom  AND Status='A' GROUP BY Sku_No, Uom HAVING LEN(a1.Plu_No)=MAX(LEN(Plu_No))) GROUP BY a1.Company_Code, a1.Sku_No, a1.Uom) a3 on a2.Company_Code=a3.Company_Code and a2.sku_no=a3.sku_no and a2.Uom=a3.Uom and a2.added_date=a3.MaxDate WHERE a2.Company_Code=1 AND a2.Sku_No=5464 AND a2.Uom='EA'"
"8/11/2026 11:12:57 AM","sql_statement_completed","RMS",".Net SqlClient Data Provider","DESKTOP-T5HTV1I","vsnet2020","70","16780806","0.040000","1","INSERT INTO MP_Invoice_Item (Company_Code, Location_Code, Invoice_PreLabel, Sequence_No, DO_Prelabel, Due_Date, Sku_No, Uom, Factor, Status, Quantity, Quantity_Loose, Foc, Foc_Loose, Unit_Price, Unit_Price_Basic, Unit_Discount_Rate1, Unit_Discount_Amount1, Unit_Discount_Rate2, Unit_Discount_Amount2, Unit_Discount_Rate, Unit_Discount_Amount, Gross_Amount, Tax_Rate, Tax_Amount, Net_Amount, Plu_No, Remark, Instant_Normal_Selling_Price, Average_Cost, Standard_Cost, Fifo_Cost, Last_Cost, Misc_Cost, Added_Date, Return_Qty, PI_Invoice_No, Source, Stock_Type, Company_Comm_Rate, Promoter_Comm_Rate, Open_Price, Project_Code, SY_Location_Code, CTN_Uom, CTN_Unit_Price, Name_No, Alternate_Description,Item_Sequence,GST_Code, GST_Price,Quantity_Loss,Quantity_Original, Nos) VALUES (1,'FST','FST/SI/010075',196795,'', CONVERT(DATETIME,'01-01-1900',103), 5464,'EA',1.00,'A',1.0000,0.0000,0.0000,0.0000,7.70000000,7.7000,0.0000,0.0000,0.0000,0.0000,0,0.0000,0,0.0000,0.0000,7.70,'9555070732562','',11.5000,5.0000,6.9000,0.0000,5.0000,0.0000, CONVERT(DATETIME,'11-08-2026 19:12:56 PM',103),0,'','','O',0.00,0.00,'N','','','EA',7.70000000,0,'',7,'',7.70000000,0.0000,1.0000,0)"
"8/11/2026 11:12:57 AM","sql_batch_completed","RMS",".Net SqlClient Data Provider","DESKTOP-T5HTV1I","vsnet2020","70","16780806","1.084000","1","INSERT INTO MP_Invoice_Item (Company_Code, Location_Code, Invoice_PreLabel, Sequence_No, DO_Prelabel, Due_Date, Sku_No, Uom, Factor, Status, Quantity, Quantity_Loose, Foc, Foc_Loose, Unit_Price, Unit_Price_Basic, Unit_Discount_Rate1, Unit_Discount_Amount1, Unit_Discount_Rate2, Unit_Discount_Amount2, Unit_Discount_Rate, Unit_Discount_Amount, Gross_Amount, Tax_Rate, Tax_Amount, Net_Amount, Plu_No, Remark, Instant_Normal_Selling_Price, Average_Cost, Standard_Cost, Fifo_Cost, Last_Cost, Misc_Cost, Added_Date, Return_Qty, PI_Invoice_No, Source, Stock_Type, Company_Comm_Rate, Promoter_Comm_Rate, Open_Price, Project_Code, SY_Location_Code, CTN_Uom, CTN_Unit_Price, Name_No, Alternate_Description,Item_Sequence,GST_Code, GST_Price,Quantity_Loss,Quantity_Original, Nos) VALUES (1,'FST','FST/SI/010075',196795,'', CONVERT(DATETIME,'01-01-1900',103), 5464,'EA',1.00,'A',1.0000,0.0000,0.0000,0.0000,7.70000000,7.7000,0.0000,0.0000,0.0000,0.0000,0,0.0000,0,0.0000,0.0000,7.70,'9555070732562','',11.5000,5.0000,6.9000,0.0000,5.0000,0.0000, CONVERT(DATETIME,'11-08-2026 19:12:56 PM',103),0,'','','O',0.00,0.00,'N','','','EA',7.70000000,0,'',7,'',7.70000000,0.0000,1.0000,0)"
"8/11/2026 11:12:57 AM","sql_batch_completed","RMS",".Net SqlClient Data Provider","DESKTOP-T5HTV1I","vsnet2020","70","16780806","0.011000","1","SELECT Counter_No FROM PI_Counter WHERE Counter_Name = 'MP_ITEM_NO' AND Company_Code=1"
"8/11/2026 11:12:57 AM","sql_batch_completed","RMS",".Net SqlClient Data Provider","DESKTOP-T5HTV1I","vsnet2020","70","16780806","0.014000","1","UPDATE PI_Counter SET Counter_No = Counter_No + 1 WHERE Counter_Name = 'MP_ITEM_NO' AND Company_Code=1"
"8/11/2026 11:12:57 AM","sql_batch_completed","RMS",".Net SqlClient Data Provider","DESKTOP-T5HTV1I","vsnet2020","70","16780806","0.268000","1","UPDATE In_Stock_Location SET Qty_On_Trading = Qty_On_Trading + 1.000000 WHERE Sku_No = 5464 AND Company_Code=1 AND Location_Code='FST'"
"8/11/2026 11:12:57 AM","sql_batch_completed","RMS",".Net SqlClient Data Provider","DESKTOP-T5HTV1I","vsnet2020","70","16780806","0.041000","1","Select Location_Code From In_Stock_Location  WHERE Sku_No = 5464 AND Company_Code=1 AND Location_Code='FST'"
"8/11/2026 11:12:57 AM","sql_batch_completed","RMS",".Net SqlClient Data Provider","DESKTOP-T5HTV1I","vsnet2020","70","16780806","0.068000","1","UPDATE In_Stock SET Qty_On_Trading = Qty_On_Trading + 1.000000, Last_Modified_By = 1, LastWriteTimeStamp = GETDATE()  WHERE Company_Code = 1 AND Sku_No = 5464"
"8/11/2026 11:12:57 AM","sql_statement_completed","RMS",".Net SqlClient Data Provider","DESKTOP-T5HTV1I","vsnet2020","70","16780806","0.010000","1","UPDATE PI_Counter SET Counter_No = Counter_No + 1 WHERE Counter_Name = 'MP_ITEM_NO' AND Company_Code=1"
"8/11/2026 11:12:57 AM","sql_statement_completed","RMS",".Net SqlClient Data Provider","DESKTOP-T5HTV1I","vsnet2020","70","16780806","0.014000","1","UPDATE In_Stock_Location SET Qty_On_Trading = Qty_On_Trading + 1.000000 WHERE Sku_No = 5464 AND Company_Code=1 AND Location_Code='FST'"
"8/11/2026 11:12:57 AM","sql_statement_completed","RMS",".Net SqlClient Data Provider","DESKTOP-T5HTV1I","vsnet2020","70","16780806","0.016000","1","UPDATE In_Stock SET Qty_On_Trading = Qty_On_Trading + 1.000000, Last_Modified_By = 1, LastWriteTimeStamp = GETDATE()  WHERE Company_Code = 1 AND Sku_No = 5464"
"8/11/2026 11:12:57 AM","sql_statement_completed","RMS",".Net SqlClient Data Provider","DESKTOP-T5HTV1I","vsnet2020","70","16780806","0.008000","1","SELECT Counter_No FROM PI_Counter WHERE Counter_Name = 'MP_ITEM_NO' AND Company_Code=1"
"8/11/2026 11:12:57 AM","sql_statement_completed","RMS",".Net SqlClient Data Provider","DESKTOP-T5HTV1I","vsnet2020","70","16780806","0.009000","1","Select Location_Code From In_Stock_Location  WHERE Sku_No = 5464 AND Company_Code=1 AND Location_Code='FST'"
"8/11/2026 11:12:57 AM","sql_statement_completed","RMS",".Net SqlClient Data Provider","DESKTOP-T5HTV1I","vsnet2020","70","16780806","0.021000","1","UPDATE In_Stock SET Qty_On_Trading = Qty_On_Trading + 1.000000, Last_Modified_By = 1, LastWriteTimeStamp = GETDATE()  WHERE Company_Code = 1 AND Sku_No = 2421"
"8/11/2026 11:12:57 AM","sql_statement_completed","RMS",".Net SqlClient Data Provider","DESKTOP-T5HTV1I","vsnet2020","70","16780806","0.022000","1","Select Location_Code From In_Stock_Location  WHERE Sku_No = 2421 AND Company_Code=1 AND Location_Code='FST'"
"8/11/2026 11:12:57 AM","sql_statement_completed","RMS",".Net SqlClient Data Provider","DESKTOP-T5HTV1I","vsnet2020","70","16780806","0.039000","1","INSERT INTO MP_Invoice_Item (Company_Code, Location_Code, Invoice_PreLabel, Sequence_No, DO_Prelabel, Due_Date, Sku_No, Uom, Factor, Status, Quantity, Quantity_Loose, Foc, Foc_Loose, Unit_Price, Unit_Price_Basic, Unit_Discount_Rate1, Unit_Discount_Amount1, Unit_Discount_Rate2, Unit_Discount_Amount2, Unit_Discount_Rate, Unit_Discount_Amount, Gross_Amount, Tax_Rate, Tax_Amount, Net_Amount, Plu_No, Remark, Instant_Normal_Selling_Price, Average_Cost, Standard_Cost, Fifo_Cost, Last_Cost, Misc_Cost, Added_Date, Return_Qty, PI_Invoice_No, Source, Stock_Type, Company_Comm_Rate, Promoter_Comm_Rate, Open_Price, Project_Code, SY_Location_Code, CTN_Uom, CTN_Unit_Price, Name_No, Alternate_Description,Item_Sequence,GST_Code, GST_Price,Quantity_Loss,Quantity_Original, Nos) VALUES (1,'FST','FST/SI/010075',196796,'', CONVERT(DATETIME,'01-01-1900',103), 2421,'PCS',1.00,'A',1.0000,0.0000,0.0000,0.0000,3.00000000,3.0000,0.0000,0.0000,0.0000,0.0000,0,0.0000,0,0.0000,0.0000,3.00,'2002421000025','',3.2000,2.0000,2.4000,0.0000,2.0000,0.0000, CONVERT(DATETIME,'11-08-2026 19:12:57 PM',103),0,'','','O',0.00,0.00,'N','','','PCS',3.00000000,0,'',8,'',3.00000000,0.0000,1.0000,0)"
"8/11/2026 11:12:57 AM","sql_batch_completed","RMS",".Net SqlClient Data Provider","DESKTOP-T5HTV1I","vsnet2020","70","16780806","1.079000","1","INSERT INTO MP_Invoice_Item (Company_Code, Location_Code, Invoice_PreLabel, Sequence_No, DO_Prelabel, Due_Date, Sku_No, Uom, Factor, Status, Quantity, Quantity_Loose, Foc, Foc_Loose, Unit_Price, Unit_Price_Basic, Unit_Discount_Rate1, Unit_Discount_Amount1, Unit_Discount_Rate2, Unit_Discount_Amount2, Unit_Discount_Rate, Unit_Discount_Amount, Gross_Amount, Tax_Rate, Tax_Amount, Net_Amount, Plu_No, Remark, Instant_Normal_Selling_Price, Average_Cost, Standard_Cost, Fifo_Cost, Last_Cost, Misc_Cost, Added_Date, Return_Qty, PI_Invoice_No, Source, Stock_Type, Company_Comm_Rate, Promoter_Comm_Rate, Open_Price, Project_Code, SY_Location_Code, CTN_Uom, CTN_Unit_Price, Name_No, Alternate_Description,Item_Sequence,GST_Code, GST_Price,Quantity_Loss,Quantity_Original, Nos) VALUES (1,'FST','FST/SI/010075',196796,'', CONVERT(DATETIME,'01-01-1900',103), 2421,'PCS',1.00,'A',1.0000,0.0000,0.0000,0.0000,3.00000000,3.0000,0.0000,0.0000,0.0000,0.0000,0,0.0000,0,0.0000,0.0000,3.00,'2002421000025','',3.2000,2.0000,2.4000,0.0000,2.0000,0.0000, CONVERT(DATETIME,'11-08-2026 19:12:57 PM',103),0,'','','O',0.00,0.00,'N','','','PCS',3.00000000,0,'',8,'',3.00000000,0.0000,1.0000,0)"
"8/11/2026 11:12:57 AM","sql_batch_completed","RMS",".Net SqlClient Data Provider","DESKTOP-T5HTV1I","vsnet2020","70","16780806","0.055000","1","Select Location_Code From In_Stock_Location  WHERE Sku_No = 2421 AND Company_Code=1 AND Location_Code='FST'"
"8/11/2026 11:12:57 AM","sql_batch_completed","RMS",".Net SqlClient Data Provider","DESKTOP-T5HTV1I","vsnet2020","70","16780806","0.066000","1","UPDATE In_Stock SET Qty_On_Trading = Qty_On_Trading + 1.000000, Last_Modified_By = 1, LastWriteTimeStamp = GETDATE()  WHERE Company_Code = 1 AND Sku_No = 2421"
"8/11/2026 11:12:57 AM","sql_batch_completed","RMS",".Net SqlClient Data Provider","DESKTOP-T5HTV1I","vsnet2020","70","16780806","0.010000","1","SELECT Counter_No FROM PI_Counter WHERE Counter_Name = 'MP_ITEM_NO' AND Company_Code=1"
"8/11/2026 11:12:57 AM","sql_batch_completed","RMS",".Net SqlClient Data Provider","DESKTOP-T5HTV1I","vsnet2020","70","16780806","0.011000","1","SELECT Counter_No FROM PI_Counter WHERE Counter_Name = 'MP_ITEM_NO' AND Company_Code=1"
"8/11/2026 11:12:57 AM","sql_batch_completed","RMS",".Net SqlClient Data Provider","DESKTOP-T5HTV1I","vsnet2020","70","16780806","0.013000","1","UPDATE PI_Counter SET Counter_No = Counter_No + 1 WHERE Counter_Name = 'MP_ITEM_NO' AND Company_Code=1"
"8/11/2026 11:12:57 AM","sql_batch_completed","RMS",".Net SqlClient Data Provider","DESKTOP-T5HTV1I","vsnet2020","70","16780806","0.013000","1","UPDATE PI_Counter SET Counter_No = Counter_No + 1 WHERE Counter_Name = 'MP_ITEM_NO' AND Company_Code=1"
"8/11/2026 11:12:57 AM","sql_batch_completed","RMS",".Net SqlClient Data Provider","DESKTOP-T5HTV1I","vsnet2020","70","16780806","0.193000","1","UPDATE In_Stock SET Qty_On_Trading = Qty_On_Trading + 1.000000, Last_Modified_By = 1, LastWriteTimeStamp = GETDATE()  WHERE Company_Code = 1 AND Sku_No = 2419"
"8/11/2026 11:12:57 AM","sql_batch_completed","RMS",".Net SqlClient Data Provider","DESKTOP-T5HTV1I","vsnet2020","70","16780806","0.034000","1","UPDATE In_Stock_Location SET Qty_On_Trading = Qty_On_Trading + 1.000000 WHERE Sku_No = 2419 AND Company_Code=1 AND Location_Code='FST'"
"8/11/2026 11:12:57 AM","sql_batch_completed","RMS",".Net SqlClient Data Provider","DESKTOP-T5HTV1I","vsnet2020","70","16780806","0.039000","1","UPDATE In_Stock SET Qty_On_Trading = Qty_On_Trading + 1.000000, Last_Modified_By = 1, LastWriteTimeStamp = GETDATE()  WHERE Company_Code = 1 AND Sku_No = 3759"
"8/11/2026 11:12:57 AM","sql_batch_completed","RMS",".Net SqlClient Data Provider","DESKTOP-T5HTV1I","vsnet2020","70","16780806","0.050000","1","Select Location_Code From In_Stock_Location  WHERE Sku_No = 2419 AND Company_Code=1 AND Location_Code='FST'"
"8/11/2026 11:12:57 AM","sql_batch_completed","RMS",".Net SqlClient Data Provider","DESKTOP-T5HTV1I","vsnet2020","70","16780806","0.062000","1","UPDATE In_Stock_Location SET Qty_On_Trading = Qty_On_Trading + 1.000000 WHERE Sku_No = 2421 AND Company_Code=1 AND Location_Code='FST'"
"8/11/2026 11:12:57 AM","sql_batch_completed","RMS",".Net SqlClient Data Provider","DESKTOP-T5HTV1I","vsnet2020","70","16780806","0.082000","1","INSERT INTO MP_Invoice_Item (Company_Code, Location_Code, Invoice_PreLabel, Sequence_No, DO_Prelabel, Due_Date, Sku_No, Uom, Factor, Status, Quantity, Quantity_Loose, Foc, Foc_Loose, Unit_Price, Unit_Price_Basic, Unit_Discount_Rate1, Unit_Discount_Amount1, Unit_Discount_Rate2, Unit_Discount_Amount2, Unit_Discount_Rate, Unit_Discount_Amount, Gross_Amount, Tax_Rate, Tax_Amount, Net_Amount, Plu_No, Remark, Instant_Normal_Selling_Price, Average_Cost, Standard_Cost, Fifo_Cost, Last_Cost, Misc_Cost, Added_Date, Return_Qty, PI_Invoice_No, Source, Stock_Type, Company_Comm_Rate, Promoter_Comm_Rate, Open_Price, Project_Code, SY_Location_Code, CTN_Uom, CTN_Unit_Price, Name_No, Alternate_Description,Item_Sequence,GST_Code, GST_Price,Quantity_Loss,Quantity_Original, Nos) VALUES (1,'FST','FST/SI/010075',196798,'', CONVERT(DATETIME,'01-01-1900',103), 3759,'PCS',1.00,'A',1.0000,0.0000,0.0000,0.0000,8.30000000,8.3000,0.0000,0.0000,0.0000,0.0000,0,0.0000,0,0.0000,0.0000,8.30,'9555112923477','',9.0000,5.7230,7.0000,0.0000,5.7230,0.0000, CONVERT(DATETIME,'11-08-2026 19:12:59 PM',103),0,'','','O',0.00,0.00,'N','','','PCS',8.30000000,0,'',10,'',8.30000000,0.0000,1.0000,0)"
"8/11/2026 11:12:57 AM","sql_batch_completed","RMS",".Net SqlClient Data Provider","DESKTOP-T5HTV1I","vsnet2020","70","16780806","0.098000","1","INSERT INTO MP_Invoice_Item (Company_Code, Location_Code, Invoice_PreLabel, Sequence_No, DO_Prelabel, Due_Date, Sku_No, Uom, Factor, Status, Quantity, Quantity_Loose, Foc, Foc_Loose, Unit_Price, Unit_Price_Basic, Unit_Discount_Rate1, Unit_Discount_Amount1, Unit_Discount_Rate2, Unit_Discount_Amount2, Unit_Discount_Rate, Unit_Discount_Amount, Gross_Amount, Tax_Rate, Tax_Amount, Net_Amount, Plu_No, Remark, Instant_Normal_Selling_Price, Average_Cost, Standard_Cost, Fifo_Cost, Last_Cost, Misc_Cost, Added_Date, Return_Qty, PI_Invoice_No, Source, Stock_Type, Company_Comm_Rate, Promoter_Comm_Rate, Open_Price, Project_Code, SY_Location_Code, CTN_Uom, CTN_Unit_Price, Name_No, Alternate_Description,Item_Sequence,GST_Code, GST_Price,Quantity_Loss,Quantity_Original, Nos) VALUES (1,'FST','FST/SI/010075',196797,'', CONVERT(DATETIME,'01-01-1900',103), 2419,'PCS',1.00,'A',1.0000,0.0000,0.0000,0.0000,2.80000000,2.8000,0.0000,0.0000,0.0000,0.0000,0,0.0000,0,0.0000,0.0000,2.80,'2002419000020','',3.0000,1.9000,2.3000,0.0000,1.9000,0.0000, CONVERT(DATETIME,'11-08-2026 19:12:58 PM',103),0,'','','O',0.00,0.00,'N','','','PCS',2.80000000,0,'',9,'',2.80000000,0.0000,1.0000,0)"
"8/11/2026 11:12:57 AM","sql_statement_completed","RMS",".Net SqlClient Data Provider","DESKTOP-T5HTV1I","vsnet2020","70","16780806","0.010000","1","UPDATE In_Stock_Location SET Qty_On_Trading = Qty_On_Trading + 1.000000 WHERE Sku_No = 2421 AND Company_Code=1 AND Location_Code='FST'"
"8/11/2026 11:12:57 AM","sql_statement_completed","RMS",".Net SqlClient Data Provider","DESKTOP-T5HTV1I","vsnet2020","70","16780806","0.012000","1","UPDATE In_Stock SET Qty_On_Trading = Qty_On_Trading + 1.000000, Last_Modified_By = 1, LastWriteTimeStamp = GETDATE()  WHERE Company_Code = 1 AND Sku_No = 3759"
"8/11/2026 11:12:57 AM","sql_statement_completed","RMS",".Net SqlClient Data Provider","DESKTOP-T5HTV1I","vsnet2020","70","16780806","0.014000","1","INSERT INTO MP_Invoice_Item (Company_Code, Location_Code, Invoice_PreLabel, Sequence_No, DO_Prelabel, Due_Date, Sku_No, Uom, Factor, Status, Quantity, Quantity_Loose, Foc, Foc_Loose, Unit_Price, Unit_Price_Basic, Unit_Discount_Rate1, Unit_Discount_Amount1, Unit_Discount_Rate2, Unit_Discount_Amount2, Unit_Discount_Rate, Unit_Discount_Amount, Gross_Amount, Tax_Rate, Tax_Amount, Net_Amount, Plu_No, Remark, Instant_Normal_Selling_Price, Average_Cost, Standard_Cost, Fifo_Cost, Last_Cost, Misc_Cost, Added_Date, Return_Qty, PI_Invoice_No, Source, Stock_Type, Company_Comm_Rate, Promoter_Comm_Rate, Open_Price, Project_Code, SY_Location_Code, CTN_Uom, CTN_Unit_Price, Name_No, Alternate_Description,Item_Sequence,GST_Code, GST_Price,Quantity_Loss,Quantity_Original, Nos) VALUES (1,'FST','FST/SI/010075',196798,'', CONVERT(DATETIME,'01-01-1900',103), 3759,'PCS',1.00,'A',1.0000,0.0000,0.0000,0.0000,8.30000000,8.3000,0.0000,0.0000,0.0000,0.0000,0,0.0000,0,0.0000,0.0000,8.30,'9555112923477','',9.0000,5.7230,7.0000,0.0000,5.7230,0.0000, CONVERT(DATETIME,'11-08-2026 19:12:59 PM',103),0,'','','O',0.00,0.00,'N','','','PCS',8.30000000,0,'',10,'',8.30000000,0.0000,1.0000,0)"
"8/11/2026 11:12:57 AM","sql_statement_completed","RMS",".Net SqlClient Data Provider","DESKTOP-T5HTV1I","vsnet2020","70","16780806","0.016000","1","INSERT INTO MP_Invoice_Item (Company_Code, Location_Code, Invoice_PreLabel, Sequence_No, DO_Prelabel, Due_Date, Sku_No, Uom, Factor, Status, Quantity, Quantity_Loose, Foc, Foc_Loose, Unit_Price, Unit_Price_Basic, Unit_Discount_Rate1, Unit_Discount_Amount1, Unit_Discount_Rate2, Unit_Discount_Amount2, Unit_Discount_Rate, Unit_Discount_Amount, Gross_Amount, Tax_Rate, Tax_Amount, Net_Amount, Plu_No, Remark, Instant_Normal_Selling_Price, Average_Cost, Standard_Cost, Fifo_Cost, Last_Cost, Misc_Cost, Added_Date, Return_Qty, PI_Invoice_No, Source, Stock_Type, Company_Comm_Rate, Promoter_Comm_Rate, Open_Price, Project_Code, SY_Location_Code, CTN_Uom, CTN_Unit_Price, Name_No, Alternate_Description,Item_Sequence,GST_Code, GST_Price,Quantity_Loss,Quantity_Original, Nos) VALUES (1,'FST','FST/SI/010075',196797,'', CONVERT(DATETIME,'01-01-1900',103), 2419,'PCS',1.00,'A',1.0000,0.0000,0.0000,0.0000,2.80000000,2.8000,0.0000,0.0000,0.0000,0.0000,0,0.0000,0,0.0000,0.0000,2.80,'2002419000020','',3.0000,1.9000,2.3000,0.0000,1.9000,0.0000, CONVERT(DATETIME,'11-08-2026 19:12:58 PM',103),0,'','','O',0.00,0.00,'N','','','PCS',2.80000000,0,'',9,'',2.80000000,0.0000,1.0000,0)"
"8/11/2026 11:12:57 AM","sql_statement_completed","RMS",".Net SqlClient Data Provider","DESKTOP-T5HTV1I","vsnet2020","70","16780806","0.016000","1","UPDATE In_Stock SET Qty_On_Trading = Qty_On_Trading + 1.000000, Last_Modified_By = 1, LastWriteTimeStamp = GETDATE()  WHERE Company_Code = 1 AND Sku_No = 2419"
"8/11/2026 11:12:57 AM","sql_statement_completed","RMS",".Net SqlClient Data Provider","DESKTOP-T5HTV1I","vsnet2020","70","16780806","0.007000","1","SELECT Counter_No FROM PI_Counter WHERE Counter_Name = 'MP_ITEM_NO' AND Company_Code=1"
"8/11/2026 11:12:57 AM","sql_statement_completed","RMS",".Net SqlClient Data Provider","DESKTOP-T5HTV1I","vsnet2020","70","16780806","0.007000","1","SELECT Counter_No FROM PI_Counter WHERE Counter_Name = 'MP_ITEM_NO' AND Company_Code=1"
"8/11/2026 11:12:57 AM","sql_statement_completed","RMS",".Net SqlClient Data Provider","DESKTOP-T5HTV1I","vsnet2020","70","16780806","0.009000","1","UPDATE PI_Counter SET Counter_No = Counter_No + 1 WHERE Counter_Name = 'MP_ITEM_NO' AND Company_Code=1"
"8/11/2026 11:12:57 AM","sql_statement_completed","RMS",".Net SqlClient Data Provider","DESKTOP-T5HTV1I","vsnet2020","70","16780806","0.009000","1","UPDATE PI_Counter SET Counter_No = Counter_No + 1 WHERE Counter_Name = 'MP_ITEM_NO' AND Company_Code=1"
"8/11/2026 11:12:57 AM","sql_statement_completed","RMS",".Net SqlClient Data Provider","DESKTOP-T5HTV1I","vsnet2020","70","16780806","0.009000","1","Select Location_Code From In_Stock_Location  WHERE Sku_No = 2419 AND Company_Code=1 AND Location_Code='FST'"
"8/11/2026 11:12:57 AM","sql_statement_completed","RMS",".Net SqlClient Data Provider","DESKTOP-T5HTV1I","vsnet2020","70","16780806","0.009000","1","UPDATE In_Stock_Location SET Qty_On_Trading = Qty_On_Trading + 1.000000 WHERE Sku_No = 2419 AND Company_Code=1 AND Location_Code='FST'"
"8/11/2026 11:12:57 AM","sql_statement_completed","RMS",".Net SqlClient Data Provider","DESKTOP-T5HTV1I","vsnet2020","70","16780806","0.011000","1","UPDATE In_Stock_Location SET Qty_On_Trading = Qty_On_Trading + 1.000000 WHERE Sku_No = 3121 AND Company_Code=1 AND Location_Code='FST'"
"8/11/2026 11:12:57 AM","sql_statement_completed","RMS",".Net SqlClient Data Provider","DESKTOP-T5HTV1I","vsnet2020","70","16780806","0.013000","1","UPDATE In_Stock SET Qty_On_Trading = Qty_On_Trading + 1.000000, Last_Modified_By = 1, LastWriteTimeStamp = GETDATE()  WHERE Company_Code = 1 AND Sku_No = 3121"
"8/11/2026 11:12:57 AM","sql_statement_completed","RMS",".Net SqlClient Data Provider","DESKTOP-T5HTV1I","vsnet2020","70","16780806","0.017000","1","INSERT INTO MP_Invoice_Item (Company_Code, Location_Code, Invoice_PreLabel, Sequence_No, DO_Prelabel, Due_Date, Sku_No, Uom, Factor, Status, Quantity, Quantity_Loose, Foc, Foc_Loose, Unit_Price, Unit_Price_Basic, Unit_Discount_Rate1, Unit_Discount_Amount1, Unit_Discount_Rate2, Unit_Discount_Amount2, Unit_Discount_Rate, Unit_Discount_Amount, Gross_Amount, Tax_Rate, Tax_Amount, Net_Amount, Plu_No, Remark, Instant_Normal_Selling_Price, Average_Cost, Standard_Cost, Fifo_Cost, Last_Cost, Misc_Cost, Added_Date, Return_Qty, PI_Invoice_No, Source, Stock_Type, Company_Comm_Rate, Promoter_Comm_Rate, Open_Price, Project_Code, SY_Location_Code, CTN_Uom, CTN_Unit_Price, Name_No, Alternate_Description,Item_Sequence,GST_Code, GST_Price,Quantity_Loss,Quantity_Original, Nos) VALUES (1,'FST','FST/SI/010075',196799,'', CONVERT(DATETIME,'01-01-1900',103), 3121,'PCS',1.00,'A',1.0000,0.0000,0.0000,0.0000,5.90000000,5.9000,0.0000,0.0000,0.0000,0.0000,0,0.0000,0,0.0000,0.0000,5.90,'9555112937986','',6.5000,4.0740,5.0000,0.0000,4.0740,0.0000, CONVERT(DATETIME,'11-08-2026 19:13:00 PM',103),0,'','','O',0.00,0.00,'N','','','PCS',5.90000000,0,'',11,'',5.90000000,0.0000,1.0000,0)"
"8/11/2026 11:12:57 AM","sql_statement_completed","RMS",".Net SqlClient Data Provider","DESKTOP-T5HTV1I","vsnet2020","70","16780806","0.006000","1","SELECT Counter_No FROM PI_Counter WHERE Counter_Name = 'MP_ITEM_NO' AND Company_Code=1"
"8/11/2026 11:12:57 AM","sql_statement_completed","RMS",".Net SqlClient Data Provider","DESKTOP-T5HTV1I","vsnet2020","70","16780806","0.007000","1","Select Location_Code From In_Stock_Location  WHERE Sku_No = 3759 AND Company_Code=1 AND Location_Code='FST'"
"8/11/2026 11:12:57 AM","sql_statement_completed","RMS",".Net SqlClient Data Provider","DESKTOP-T5HTV1I","vsnet2020","70","16780806","0.008000","1","UPDATE PI_Counter SET Counter_No = Counter_No + 1 WHERE Counter_Name = 'MP_ITEM_NO' AND Company_Code=1"
"8/11/2026 11:12:57 AM","sql_statement_completed","RMS",".Net SqlClient Data Provider","DESKTOP-T5HTV1I","vsnet2020","70","16780806","0.008000","1","Select Location_Code From In_Stock_Location  WHERE Sku_No = 3121 AND Company_Code=1 AND Location_Code='FST'"
"8/11/2026 11:12:57 AM","sql_statement_completed","RMS",".Net SqlClient Data Provider","DESKTOP-T5HTV1I","vsnet2020","70","16780806","0.008000","1","UPDATE In_Stock_Location SET Qty_On_Trading = Qty_On_Trading + 1.000000 WHERE Sku_No = 3759 AND Company_Code=1 AND Location_Code='FST'"
"8/11/2026 11:12:57 AM","sql_statement_completed","RMS",".Net SqlClient Data Provider","DESKTOP-T5HTV1I","vsnet2020","70","16780806","0.009000","1","UPDATE PI_Counter SET Counter_No = Counter_No + 1 WHERE Counter_Name = 'MP_ITEM_NO' AND Company_Code=1"
"8/11/2026 11:12:57 AM","sql_batch_completed","RMS",".Net SqlClient Data Provider","DESKTOP-T5HTV1I","vsnet2020","70","16780806","0.010000","1","SELECT Counter_No FROM PI_Counter WHERE Counter_Name = 'MP_ITEM_NO' AND Company_Code=1"
"8/11/2026 11:12:57 AM","sql_batch_completed","RMS",".Net SqlClient Data Provider","DESKTOP-T5HTV1I","vsnet2020","70","16780806","0.012000","1","UPDATE PI_Counter SET Counter_No = Counter_No + 1 WHERE Counter_Name = 'MP_ITEM_NO' AND Company_Code=1"
"8/11/2026 11:12:57 AM","sql_batch_completed","RMS",".Net SqlClient Data Provider","DESKTOP-T5HTV1I","vsnet2020","70","16780806","0.013000","1","UPDATE PI_Counter SET Counter_No = Counter_No + 1 WHERE Counter_Name = 'MP_ITEM_NO' AND Company_Code=1"
"8/11/2026 11:12:57 AM","sql_batch_completed","RMS",".Net SqlClient Data Provider","DESKTOP-T5HTV1I","vsnet2020","70","16780806","0.193000","1","UPDATE In_Stock_Location SET Qty_On_Trading = Qty_On_Trading + 1.000000 WHERE Sku_No = 3121 AND Company_Code=1 AND Location_Code='FST'"
"8/11/2026 11:12:57 AM","sql_batch_completed","RMS",".Net SqlClient Data Provider","DESKTOP-T5HTV1I","vsnet2020","70","16780806","0.233000","1","INSERT INTO MP_Invoice_Item (Company_Code, Location_Code, Invoice_PreLabel, Sequence_No, DO_Prelabel, Due_Date, Sku_No, Uom, Factor, Status, Quantity, Quantity_Loose, Foc, Foc_Loose, Unit_Price, Unit_Price_Basic, Unit_Discount_Rate1, Unit_Discount_Amount1, Unit_Discount_Rate2, Unit_Discount_Amount2, Unit_Discount_Rate, Unit_Discount_Amount, Gross_Amount, Tax_Rate, Tax_Amount, Net_Amount, Plu_No, Remark, Instant_Normal_Selling_Price, Average_Cost, Standard_Cost, Fifo_Cost, Last_Cost, Misc_Cost, Added_Date, Return_Qty, PI_Invoice_No, Source, Stock_Type, Company_Comm_Rate, Promoter_Comm_Rate, Open_Price, Project_Code, SY_Location_Code, CTN_Uom, CTN_Unit_Price, Name_No, Alternate_Description,Item_Sequence,GST_Code, GST_Price,Quantity_Loss,Quantity_Original, Nos) VALUES (1,'FST','FST/SI/010075',196799,'', CONVERT(DATETIME,'01-01-1900',103), 3121,'PCS',1.00,'A',1.0000,0.0000,0.0000,0.0000,5.90000000,5.9000,0.0000,0.0000,0.0000,0.0000,0,0.0000,0,0.0000,0.0000,5.90,'9555112937986','',6.5000,4.0740,5.0000,0.0000,4.0740,0.0000, CONVERT(DATETIME,'11-08-2026 19:13:00 PM',103),0,'','','O',0.00,0.00,'N','','','PCS',5.90000000,0,'',11,'',5.90000000,0.0000,1.0000,0)"
"8/11/2026 11:12:57 AM","sql_batch_completed","RMS",".Net SqlClient Data Provider","DESKTOP-T5HTV1I","vsnet2020","70","16780806","0.031000","1","UPDATE In_Stock_Location SET Qty_On_Trading = Qty_On_Trading + 1.000000 WHERE Sku_No = 3759 AND Company_Code=1 AND Location_Code='FST'"
"8/11/2026 11:12:57 AM","sql_batch_completed","RMS",".Net SqlClient Data Provider","DESKTOP-T5HTV1I","vsnet2020","70","16780806","0.032000","1","Select Location_Code From In_Stock_Location  WHERE Sku_No = 3121 AND Company_Code=1 AND Location_Code='FST'"
"8/11/2026 11:12:57 AM","sql_batch_completed","RMS",".Net SqlClient Data Provider","DESKTOP-T5HTV1I","vsnet2020","70","16780806","0.032000","1","Select Location_Code From In_Stock_Location  WHERE Sku_No = 3759 AND Company_Code=1 AND Location_Code='FST'"
"8/11/2026 11:12:57 AM","sql_batch_completed","RMS",".Net SqlClient Data Provider","DESKTOP-T5HTV1I","vsnet2020","70","16780806","0.041000","1","UPDATE In_Stock SET Qty_On_Trading = Qty_On_Trading + 1.000000, Last_Modified_By = 1, LastWriteTimeStamp = GETDATE()  WHERE Company_Code = 1 AND Sku_No = 3121"
"8/11/2026 11:12:57 AM","sql_batch_completed","RMS",".Net SqlClient Data Provider","DESKTOP-T5HTV1I","vsnet2020","70","16780806","0.010000","1","SELECT Counter_No FROM PI_Counter WHERE Counter_Name = 'MP_ITEM_NO' AND Company_Code=1"
"8/11/2026 11:12:57 AM","sql_batch_completed","RMS",".Net SqlClient Data Provider","DESKTOP-T5HTV1I","vsnet2020","70","16780806","0.010000","1","SELECT Counter_No FROM PI_Counter WHERE Counter_Name = 'MP_ITEM_NO' AND Company_Code=1"
"8/11/2026 11:12:57 AM","sql_batch_completed","RMS",".Net SqlClient Data Provider","DESKTOP-T5HTV1I","vsnet2020","70","16780806","0.011000","1","SELECT Counter_No FROM PI_Counter WHERE Counter_Name = 'MP_ITEM_NO' AND Company_Code=1"
"8/11/2026 11:12:57 AM","sql_batch_completed","RMS",".Net SqlClient Data Provider","DESKTOP-T5HTV1I","vsnet2020","70","16780806","0.011000","1","UPDATE PI_Counter SET Counter_No = Counter_No + 1 WHERE Counter_Name = 'MP_ITEM_NO' AND Company_Code=1"
"8/11/2026 11:12:57 AM","sql_batch_completed","RMS",".Net SqlClient Data Provider","DESKTOP-T5HTV1I","vsnet2020","70","16780806","0.012000","1","UPDATE PI_Counter SET Counter_No = Counter_No + 1 WHERE Counter_Name = 'MP_ITEM_NO' AND Company_Code=1"
"8/11/2026 11:12:57 AM","sql_batch_completed","RMS",".Net SqlClient Data Provider","DESKTOP-T5HTV1I","vsnet2020","70","16780806","0.030000","1","UPDATE In_Stock_Location SET Qty_On_Trading = Qty_On_Trading + 1.000000 WHERE Sku_No = 3120 AND Company_Code=1 AND Location_Code='FST'"
"8/11/2026 11:12:57 AM","sql_batch_completed","RMS",".Net SqlClient Data Provider","DESKTOP-T5HTV1I","vsnet2020","70","16780806","0.032000","1","Select Location_Code From In_Stock_Location  WHERE Sku_No = 3120 AND Company_Code=1 AND Location_Code='FST'"
"8/11/2026 11:12:57 AM","sql_batch_completed","RMS",".Net SqlClient Data Provider","DESKTOP-T5HTV1I","vsnet2020","70","16780806","0.042000","1","Select Location_Code From In_Stock_Location  WHERE Sku_No = 5218 AND Company_Code=1 AND Location_Code='FST'"
"8/11/2026 11:12:57 AM","sql_batch_completed","RMS",".Net SqlClient Data Provider","DESKTOP-T5HTV1I","vsnet2020","70","16780806","0.047000","1","UPDATE In_Stock_Location SET Qty_On_Trading = Qty_On_Trading + 1.000000 WHERE Sku_No = 5218 AND Company_Code=1 AND Location_Code='FST'"
"8/11/2026 11:12:57 AM","sql_batch_completed","RMS",".Net SqlClient Data Provider","DESKTOP-T5HTV1I","vsnet2020","70","16780806","0.048000","1","UPDATE In_Stock SET Qty_On_Trading = Qty_On_Trading + 1.000000, Last_Modified_By = 1, LastWriteTimeStamp = GETDATE()  WHERE Company_Code = 1 AND Sku_No = 3120"
"8/11/2026 11:12:57 AM","sql_batch_completed","RMS",".Net SqlClient Data Provider","DESKTOP-T5HTV1I","vsnet2020","70","16780806","0.050000","1","UPDATE In_Stock SET Qty_On_Trading = Qty_On_Trading + 1.000000, Last_Modified_By = 1, LastWriteTimeStamp = GETDATE()  WHERE Company_Code = 1 AND Sku_No = 5218"
"8/11/2026 11:12:57 AM","sql_batch_completed","RMS",".Net SqlClient Data Provider","DESKTOP-T5HTV1I","vsnet2020","70","16780806","0.080000","1","INSERT INTO MP_Invoice_Item (Company_Code, Location_Code, Invoice_PreLabel, Sequence_No, DO_Prelabel, Due_Date, Sku_No, Uom, Factor, Status, Quantity, Quantity_Loose, Foc, Foc_Loose, Unit_Price, Unit_Price_Basic, Unit_Discount_Rate1, Unit_Discount_Amount1, Unit_Discount_Rate2, Unit_Discount_Amount2, Unit_Discount_Rate, Unit_Discount_Amount, Gross_Amount, Tax_Rate, Tax_Amount, Net_Amount, Plu_No, Remark, Instant_Normal_Selling_Price, Average_Cost, Standard_Cost, Fifo_Cost, Last_Cost, Misc_Cost, Added_Date, Return_Qty, PI_Invoice_No, Source, Stock_Type, Company_Comm_Rate, Promoter_Comm_Rate, Open_Price, Project_Code, SY_Location_Code, CTN_Uom, CTN_Unit_Price, Name_No, Alternate_Description,Item_Sequence,GST_Code, GST_Price,Quantity_Loss,Quantity_Original, Nos) VALUES (1,'FST','FST/SI/010075',196800,'', CONVERT(DATETIME,'01-01-1900',103), 3120,'PCS',1.00,'A',1.0000,0.0000,0.0000,0.0000,5.30000000,5.3000,0.0000,0.0000,0.0000,0.0000,0,0.0000,0,0.0000,0.0000,5.30,'9555112937993','',6.0000,3.6860,4.5000,0.0000,3.6860,0.0000, CONVERT(DATETIME,'11-08-2026 19:13:01 PM',103),0,'','','O',0.00,0.00,'N','','','PCS',5.30000000,0,'',12,'',5.30000000,0.0000,1.0000,0)"
"8/11/2026 11:12:57 AM","sql_batch_completed","RMS",".Net SqlClient Data Provider","DESKTOP-T5HTV1I","vsnet2020","70","16780806","0.086000","1","INSERT INTO MP_Invoice_Item (Company_Code, Location_Code, Invoice_PreLabel, Sequence_No, DO_Prelabel, Due_Date, Sku_No, Uom, Factor, Status, Quantity, Quantity_Loose, Foc, Foc_Loose, Unit_Price, Unit_Price_Basic, Unit_Discount_Rate1, Unit_Discount_Amount1, Unit_Discount_Rate2, Unit_Discount_Amount2, Unit_Discount_Rate, Unit_Discount_Amount, Gross_Amount, Tax_Rate, Tax_Amount, Net_Amount, Plu_No, Remark, Instant_Normal_Selling_Price, Average_Cost, Standard_Cost, Fifo_Cost, Last_Cost, Misc_Cost, Added_Date, Return_Qty, PI_Invoice_No, Source, Stock_Type, Company_Comm_Rate, Promoter_Comm_Rate, Open_Price, Project_Code, SY_Location_Code, CTN_Uom, CTN_Unit_Price, Name_No, Alternate_Description,Item_Sequence,GST_Code, GST_Price,Quantity_Loss,Quantity_Original, Nos) VALUES (1,'FST','FST/SI/010075',196801,'', CONVERT(DATETIME,'01-01-1900',103), 5218,'EA',1.00,'A',1.0000,0.0000,0.0000,0.0000,9.50000000,9.5000,0.0000,0.0000,0.0000,0.0000,0,0.0000,0,0.0000,0.0000,9.50,'6228480380106','',13.0000,4.5000,7.2000,0.0000,4.5000,0.0000, CONVERT(DATETIME,'11-08-2026 19:13:02 PM',103),0,'','','O',0.00,0.00,'N','','','EA',9.50000000,0,'',5,'',9.50000000,0.0000,1.0000,0)"
"8/11/2026 11:12:57 AM","sql_statement_completed","RMS",".Net SqlClient Data Provider","DESKTOP-T5HTV1I","vsnet2020","70","16780806","0.011000","1","UPDATE In_Stock SET Qty_On_Trading = Qty_On_Trading + 1.000000, Last_Modified_By = 1, LastWriteTimeStamp = GETDATE()  WHERE Company_Code = 1 AND Sku_No = 3120"
"8/11/2026 11:12:57 AM","sql_statement_completed","RMS",".Net SqlClient Data Provider","DESKTOP-T5HTV1I","vsnet2020","70","16780806","0.011000","1","UPDATE In_Stock SET Qty_On_Trading = Qty_On_Trading + 1.000000, Last_Modified_By = 1, LastWriteTimeStamp = GETDATE()  WHERE Company_Code = 1 AND Sku_No = 5218"
"8/11/2026 11:12:57 AM","sql_statement_completed","RMS",".Net SqlClient Data Provider","DESKTOP-T5HTV1I","vsnet2020","70","16780806","0.014000","1","INSERT INTO MP_Invoice_Item (Company_Code, Location_Code, Invoice_PreLabel, Sequence_No, DO_Prelabel, Due_Date, Sku_No, Uom, Factor, Status, Quantity, Quantity_Loose, Foc, Foc_Loose, Unit_Price, Unit_Price_Basic, Unit_Discount_Rate1, Unit_Discount_Amount1, Unit_Discount_Rate2, Unit_Discount_Amount2, Unit_Discount_Rate, Unit_Discount_Amount, Gross_Amount, Tax_Rate, Tax_Amount, Net_Amount, Plu_No, Remark, Instant_Normal_Selling_Price, Average_Cost, Standard_Cost, Fifo_Cost, Last_Cost, Misc_Cost, Added_Date, Return_Qty, PI_Invoice_No, Source, Stock_Type, Company_Comm_Rate, Promoter_Comm_Rate, Open_Price, Project_Code, SY_Location_Code, CTN_Uom, CTN_Unit_Price, Name_No, Alternate_Description,Item_Sequence,GST_Code, GST_Price,Quantity_Loss,Quantity_Original, Nos) VALUES (1,'FST','FST/SI/010075',196801,'', CONVERT(DATETIME,'01-01-1900',103), 5218,'EA',1.00,'A',1.0000,0.0000,0.0000,0.0000,9.50000000,9.5000,0.0000,0.0000,0.0000,0.0000,0,0.0000,0,0.0000,0.0000,9.50,'6228480380106','',13.0000,4.5000,7.2000,0.0000,4.5000,0.0000, CONVERT(DATETIME,'11-08-2026 19:13:02 PM',103),0,'','','O',0.00,0.00,'N','','','EA',9.50000000,0,'',5,'',9.50000000,0.0000,1.0000,0)"
"8/11/2026 11:12:57 AM","sql_statement_completed","RMS",".Net SqlClient Data Provider","DESKTOP-T5HTV1I","vsnet2020","70","16780806","0.014000","1","INSERT INTO MP_Invoice_Item (Company_Code, Location_Code, Invoice_PreLabel, Sequence_No, DO_Prelabel, Due_Date, Sku_No, Uom, Factor, Status, Quantity, Quantity_Loose, Foc, Foc_Loose, Unit_Price, Unit_Price_Basic, Unit_Discount_Rate1, Unit_Discount_Amount1, Unit_Discount_Rate2, Unit_Discount_Amount2, Unit_Discount_Rate, Unit_Discount_Amount, Gross_Amount, Tax_Rate, Tax_Amount, Net_Amount, Plu_No, Remark, Instant_Normal_Selling_Price, Average_Cost, Standard_Cost, Fifo_Cost, Last_Cost, Misc_Cost, Added_Date, Return_Qty, PI_Invoice_No, Source, Stock_Type, Company_Comm_Rate, Promoter_Comm_Rate, Open_Price, Project_Code, SY_Location_Code, CTN_Uom, CTN_Unit_Price, Name_No, Alternate_Description,Item_Sequence,GST_Code, GST_Price,Quantity_Loss,Quantity_Original, Nos) VALUES (1,'FST','FST/SI/010075',196800,'', CONVERT(DATETIME,'01-01-1900',103), 3120,'PCS',1.00,'A',1.0000,0.0000,0.0000,0.0000,5.30000000,5.3000,0.0000,0.0000,0.0000,0.0000,0,0.0000,0,0.0000,0.0000,5.30,'9555112937993','',6.0000,3.6860,4.5000,0.0000,3.6860,0.0000, CONVERT(DATETIME,'11-08-2026 19:13:01 PM',103),0,'','','O',0.00,0.00,'N','','','PCS',5.30000000,0,'',12,'',5.30000000,0.0000,1.0000,0)"
"8/11/2026 11:12:57 AM","sql_statement_completed","RMS",".Net SqlClient Data Provider","DESKTOP-T5HTV1I","vsnet2020","70","16780806","0.006000","1","SELECT Counter_No FROM PI_Counter WHERE Counter_Name = 'MP_ITEM_NO' AND Company_Code=1"
"8/11/2026 11:12:57 AM","sql_statement_completed","RMS",".Net SqlClient Data Provider","DESKTOP-T5HTV1I","vsnet2020","70","16780806","0.007000","1","SELECT Counter_No FROM PI_Counter WHERE Counter_Name = 'MP_ITEM_NO' AND Company_Code=1"
"8/11/2026 11:12:57 AM","sql_statement_completed","RMS",".Net SqlClient Data Provider","DESKTOP-T5HTV1I","vsnet2020","70","16780806","0.007000","1","SELECT Counter_No FROM PI_Counter WHERE Counter_Name = 'MP_ITEM_NO' AND Company_Code=1"
"8/11/2026 11:12:57 AM","sql_statement_completed","RMS",".Net SqlClient Data Provider","DESKTOP-T5HTV1I","vsnet2020","70","16780806","0.007000","1","Select Location_Code From In_Stock_Location  WHERE Sku_No = 5218 AND Company_Code=1 AND Location_Code='FST'"
"8/11/2026 11:12:57 AM","sql_statement_completed","RMS",".Net SqlClient Data Provider","DESKTOP-T5HTV1I","vsnet2020","70","16780806","0.008000","1","UPDATE PI_Counter SET Counter_No = Counter_No + 1 WHERE Counter_Name = 'MP_ITEM_NO' AND Company_Code=1"
"8/11/2026 11:12:57 AM","sql_statement_completed","RMS",".Net SqlClient Data Provider","DESKTOP-T5HTV1I","vsnet2020","70","16780806","0.008000","1","UPDATE PI_Counter SET Counter_No = Counter_No + 1 WHERE Counter_Name = 'MP_ITEM_NO' AND Company_Code=1"
"8/11/2026 11:12:57 AM","sql_statement_completed","RMS",".Net SqlClient Data Provider","DESKTOP-T5HTV1I","vsnet2020","70","16780806","0.008000","1","Select Location_Code From In_Stock_Location  WHERE Sku_No = 3120 AND Company_Code=1 AND Location_Code='FST'"
"8/11/2026 11:12:57 AM","sql_statement_completed","RMS",".Net SqlClient Data Provider","DESKTOP-T5HTV1I","vsnet2020","70","16780806","0.008000","1","UPDATE In_Stock_Location SET Qty_On_Trading = Qty_On_Trading + 1.000000 WHERE Sku_No = 3120 AND Company_Code=1 AND Location_Code='FST'"
"8/11/2026 11:12:57 AM","sql_statement_completed","RMS",".Net SqlClient Data Provider","DESKTOP-T5HTV1I","vsnet2020","70","16780806","0.008000","1","UPDATE In_Stock_Location SET Qty_On_Trading = Qty_On_Trading + 1.000000 WHERE Sku_No = 5218 AND Company_Code=1 AND Location_Code='FST'"
"8/11/2026 11:12:57 AM","sql_statement_completed","RMS",".Net SqlClient Data Provider","DESKTOP-T5HTV1I","vsnet2020","70","16780806","0.013000","1","INSERT INTO MP_Invoice_Item (Company_Code, Location_Code, Invoice_PreLabel, Sequence_No, DO_Prelabel, Due_Date, Sku_No, Uom, Factor, Status, Quantity, Quantity_Loose, Foc, Foc_Loose, Unit_Price, Unit_Price_Basic, Unit_Discount_Rate1, Unit_Discount_Amount1, Unit_Discount_Rate2, Unit_Discount_Amount2, Unit_Discount_Rate, Unit_Discount_Amount, Gross_Amount, Tax_Rate, Tax_Amount, Net_Amount, Plu_No, Remark, Instant_Normal_Selling_Price, Average_Cost, Standard_Cost, Fifo_Cost, Last_Cost, Misc_Cost, Added_Date, Return_Qty, PI_Invoice_No, Source, Stock_Type, Company_Comm_Rate, Promoter_Comm_Rate, Open_Price, Project_Code, SY_Location_Code, CTN_Uom, CTN_Unit_Price, Name_No, Alternate_Description,Item_Sequence,GST_Code, GST_Price,Quantity_Loss,Quantity_Original, Nos) VALUES (1,'FST','FST/SI/010075',196802,'', CONVERT(DATETIME,'01-01-1900',103), 5221,'EA',1.00,'A',1.0000,0.0000,0.0000,0.0000,8.50000000,8.5000,0.0000,0.0000,0.0000,0.0000,0,0.0000,0,0.0000,0.0000,8.50,'6228480380014','',11.0000,4.1000,7.0000,0.0000,4.1000,0.0000, CONVERT(DATETIME,'11-08-2026 19:13:03 PM',103),0,'','','O',0.00,0.00,'N','','','EA',8.50000000,0,'',6,'',8.50000000,0.0000,1.0000,0)"
"8/11/2026 11:12:57 AM","sql_statement_completed","RMS",".Net SqlClient Data Provider","DESKTOP-T5HTV1I","vsnet2020","70","16780806","0.014000","1","UPDATE In_Stock SET Qty_On_Trading = Qty_On_Trading + 1.000000, Last_Modified_By = 1, LastWriteTimeStamp = GETDATE()  WHERE Company_Code = 1 AND Sku_No = 5221"
"8/11/2026 11:12:57 AM","sql_statement_completed","RMS",".Net SqlClient Data Provider","DESKTOP-T5HTV1I","vsnet2020","70","16780806","0.006000","1","SELECT Counter_No FROM PI_Counter WHERE Counter_Name = 'MP_ITEM_NO' AND Company_Code=1"
"8/11/2026 11:12:57 AM","sql_statement_completed","RMS",".Net SqlClient Data Provider","DESKTOP-T5HTV1I","vsnet2020","70","16780806","0.008000","1","UPDATE PI_Counter SET Counter_No = Counter_No + 1 WHERE Counter_Name = 'MP_ITEM_NO' AND Company_Code=1"
"8/11/2026 11:12:57 AM","sql_statement_completed","RMS",".Net SqlClient Data Provider","DESKTOP-T5HTV1I","vsnet2020","70","16780806","0.008000","1","Select Location_Code From In_Stock_Location  WHERE Sku_No = 5221 AND Company_Code=1 AND Location_Code='FST'"
"8/11/2026 11:12:57 AM","sql_statement_completed","RMS",".Net SqlClient Data Provider","DESKTOP-T5HTV1I","vsnet2020","70","16780806","0.009000","1","UPDATE In_Stock_Location SET Qty_On_Trading = Qty_On_Trading + 1.000000 WHERE Sku_No = 5221 AND Company_Code=1 AND Location_Code='FST'"
"8/11/2026 11:12:57 AM","sql_batch_completed","RMS",".Net SqlClient Data Provider","DESKTOP-T5HTV1I","vsnet2020","70","16780806","0.010000","1","SELECT Counter_No FROM PI_Counter WHERE Counter_Name = 'MP_ITEM_NO' AND Company_Code=1"
"8/11/2026 11:12:57 AM","sql_batch_completed","RMS",".Net SqlClient Data Provider","DESKTOP-T5HTV1I","vsnet2020","70","16780806","0.012000","1","UPDATE PI_Counter SET Counter_No = Counter_No + 1 WHERE Counter_Name = 'MP_ITEM_NO' AND Company_Code=1"
"8/11/2026 11:12:57 AM","sql_batch_completed","RMS",".Net SqlClient Data Provider","DESKTOP-T5HTV1I","vsnet2020","70","16780806","0.183000","1","UPDATE In_Stock SET Qty_On_Trading = Qty_On_Trading + 1.000000, Last_Modified_By = 1, LastWriteTimeStamp = GETDATE()  WHERE Company_Code = 1 AND Sku_No = 5221"
"8/11/2026 11:12:57 AM","sql_batch_completed","RMS",".Net SqlClient Data Provider","DESKTOP-T5HTV1I","vsnet2020","70","16780806","0.032000","1","UPDATE In_Stock_Location SET Qty_On_Trading = Qty_On_Trading + 1.000000 WHERE Sku_No = 5221 AND Company_Code=1 AND Location_Code='FST'"
"8/11/2026 11:12:57 AM","sql_batch_completed","RMS",".Net SqlClient Data Provider","DESKTOP-T5HTV1I","vsnet2020","70","16780806","0.043000","1","Select Location_Code From In_Stock_Location  WHERE Sku_No = 5221 AND Company_Code=1 AND Location_Code='FST'"
"8/11/2026 11:12:57 AM","sql_batch_completed","RMS",".Net SqlClient Data Provider","DESKTOP-T5HTV1I","vsnet2020","70","16780806","0.077000","1","INSERT INTO MP_Invoice_Item (Company_Code, Location_Code, Invoice_PreLabel, Sequence_No, DO_Prelabel, Due_Date, Sku_No, Uom, Factor, Status, Quantity, Quantity_Loose, Foc, Foc_Loose, Unit_Price, Unit_Price_Basic, Unit_Discount_Rate1, Unit_Discount_Amount1, Unit_Discount_Rate2, Unit_Discount_Amount2, Unit_Discount_Rate, Unit_Discount_Amount, Gross_Amount, Tax_Rate, Tax_Amount, Net_Amount, Plu_No, Remark, Instant_Normal_Selling_Price, Average_Cost, Standard_Cost, Fifo_Cost, Last_Cost, Misc_Cost, Added_Date, Return_Qty, PI_Invoice_No, Source, Stock_Type, Company_Comm_Rate, Promoter_Comm_Rate, Open_Price, Project_Code, SY_Location_Code, CTN_Uom, CTN_Unit_Price, Name_No, Alternate_Description,Item_Sequence,GST_Code, GST_Price,Quantity_Loss,Quantity_Original, Nos) VALUES (1,'FST','FST/SI/010075',196802,'', CONVERT(DATETIME,'01-01-1900',103), 5221,'EA',1.00,'A',1.0000,0.0000,0.0000,0.0000,8.50000000,8.5000,0.0000,0.0000,0.0000,0.0000,0,0.0000,0,0.0000,0.0000,8.50,'6228480380014','',11.0000,4.1000,7.0000,0.0000,4.1000,0.0000, CONVERT(DATETIME,'11-08-2026 19:13:03 PM',103),0,'','','O',0.00,0.00,'N','','','EA',8.50000000,0,'',6,'',8.50000000,0.0000,1.0000,0)"
"8/11/2026 11:12:57 AM","sql_batch_completed","RMS",".Net SqlClient Data Provider","DESKTOP-T5HTV1I","vsnet2020","70","16780806","0.116000","1","INSERT INTO MP_Invoice_Item (Company_Code, Location_Code, Invoice_PreLabel, Sequence_No, DO_Prelabel, Due_Date, Sku_No, Uom, Factor, Status, Quantity, Quantity_Loose, Foc, Foc_Loose, Unit_Price, Unit_Price_Basic, Unit_Discount_Rate1, Unit_Discount_Amount1, Unit_Discount_Rate2, Unit_Discount_Amount2, Unit_Discount_Rate, Unit_Discount_Amount, Gross_Amount, Tax_Rate, Tax_Amount, Net_Amount, Plu_No, Remark, Instant_Normal_Selling_Price, Average_Cost, Standard_Cost, Fifo_Cost, Last_Cost, Misc_Cost, Added_Date, Return_Qty, PI_Invoice_No, Source, Stock_Type, Company_Comm_Rate, Promoter_Comm_Rate, Open_Price, Project_Code, SY_Location_Code, CTN_Uom, CTN_Unit_Price, Name_No, Alternate_Description,Item_Sequence,GST_Code, GST_Price,Quantity_Loss,Quantity_Original, Nos) VALUES (1,'FST','FST/SI/010075',196803,'', CONVERT(DATETIME,'01-01-1900',103), 5766,'EA',1.00,'A',1.0000,0.0000,0.0000,0.0000,3.30000000,3.3000,0.0000,0.0000,0.0000,0.0000,0,0.0000,0,0.0000,0.0000,3.30,'9555112936552','',4.0000,2.2310,2.8000,0.0000,2.2310,0.0000, CONVERT(DATETIME,'11-08-2026 19:13:04 PM',103),0,'','','O',0.00,0.00,'N','','','EA',3.30000000,0,'',13,'',3.30000000,0.0000,1.0000,0)"
"8/11/2026 11:12:57 AM","sql_batch_completed","RMS",".Net SqlClient Data Provider","DESKTOP-T5HTV1I","vsnet2020","70","16780806","0.013000","1","UPDATE PI_Counter SET Counter_No = Counter_No + 1 WHERE Counter_Name = 'MP_ITEM_NO' AND Company_Code=1"
"8/11/2026 11:12:57 AM","sql_batch_completed","RMS",".Net SqlClient Data Provider","DESKTOP-T5HTV1I","vsnet2020","70","16780806","0.048000","1","UPDATE In_Stock SET Qty_On_Trading = Qty_On_Trading + 1.000000, Last_Modified_By = 1, LastWriteTimeStamp = GETDATE()  WHERE Company_Code = 1 AND Sku_No = 5766"
"8/11/2026 11:12:57 AM","sql_batch_completed","RMS",".Net SqlClient Data Provider","DESKTOP-T5HTV1I","vsnet2020","70","16780806","0.049000","1","UPDATE In_Stock_Location SET Qty_On_Trading = Qty_On_Trading + 1.000000 WHERE Sku_No = 5766 AND Company_Code=1 AND Location_Code='FST'"
"8/11/2026 11:12:57 AM","sql_batch_completed","RMS",".Net SqlClient Data Provider","DESKTOP-T5HTV1I","vsnet2020","70","16780806","0.050000","1","Select Location_Code From In_Stock_Location  WHERE Sku_No = 5766 AND Company_Code=1 AND Location_Code='FST'"
"8/11/2026 11:12:57 AM","sql_batch_completed","RMS",".Net SqlClient Data Provider","DESKTOP-T5HTV1I","vsnet2020","70","16780806","4.649000","1"," SELECT a2.Plu_No FROM (SELECT a1.Company_Code, a1.Sku_No, a1.Uom, a1.Plu_No, a1.Added_Date FROM In_Stock_Plu a1 WHERE a1.Company_Code=1 AND EXISTS (SELECT Sku_NO, Uom, MAX(LEN(Plu_No)) FROM In_Stock_Plu WHERE Company_Code=a1.Company_Code AND Sku_No=a1.Sku_No AND Uom=a1.Uom  AND Status='A' GROUP BY Sku_No, Uom HAVING LEN(a1.Plu_No)=MAX(LEN(Plu_No)))) a2 INNER JOIN (SELECT a1.Company_Code, a1.Sku_No, a1.Uom, MAX(a1.Added_Date) as MaxDate FROM In_Stock_Plu a1 WHERE a1.Company_Code=1 AND EXISTS (SELECT Sku_NO, Uom, MAX(LEN(Plu_No)) FROM In_Stock_Plu WHERE Company_Code=a1.Company_Code AND Sku_No=a1.Sku_No AND Uom=a1.Uom  AND Status='A' GROUP BY Sku_No, Uom HAVING LEN(a1.Plu_No)=MAX(LEN(Plu_No))) GROUP BY a1.Company_Code, a1.Sku_No, a1.Uom) a3 on a2.Company_Code=a3.Company_Code and a2.sku_no=a3.sku_no and a2.Uom=a3.Uom and a2.added_date=a3.MaxDate WHERE a2.Company_Code=1 AND a2.Sku_No=5766 AND a2.Uom='EA'"
"8/11/2026 11:12:57 AM","sql_statement_completed","RMS",".Net SqlClient Data Provider","DESKTOP-T5HTV1I","vsnet2020","70","16780806","0.010000","1","UPDATE In_Stock_Location SET Qty_On_Trading = Qty_On_Trading + 1.000000 WHERE Sku_No = 5766 AND Company_Code=1 AND Location_Code='FST'"
"8/11/2026 11:12:57 AM","sql_statement_completed","RMS",".Net SqlClient Data Provider","DESKTOP-T5HTV1I","vsnet2020","70","16780806","0.015000","1","UPDATE In_Stock SET Qty_On_Trading = Qty_On_Trading + 1.000000, Last_Modified_By = 1, LastWriteTimeStamp = GETDATE()  WHERE Company_Code = 1 AND Sku_No = 5766"
"8/11/2026 11:12:57 AM","sql_statement_completed","RMS",".Net SqlClient Data Provider","DESKTOP-T5HTV1I","vsnet2020","70","16780806","0.020000","1","INSERT INTO MP_Invoice_Item (Company_Code, Location_Code, Invoice_PreLabel, Sequence_No, DO_Prelabel, Due_Date, Sku_No, Uom, Factor, Status, Quantity, Quantity_Loose, Foc, Foc_Loose, Unit_Price, Unit_Price_Basic, Unit_Discount_Rate1, Unit_Discount_Amount1, Unit_Discount_Rate2, Unit_Discount_Amount2, Unit_Discount_Rate, Unit_Discount_Amount, Gross_Amount, Tax_Rate, Tax_Amount, Net_Amount, Plu_No, Remark, Instant_Normal_Selling_Price, Average_Cost, Standard_Cost, Fifo_Cost, Last_Cost, Misc_Cost, Added_Date, Return_Qty, PI_Invoice_No, Source, Stock_Type, Company_Comm_Rate, Promoter_Comm_Rate, Open_Price, Project_Code, SY_Location_Code, CTN_Uom, CTN_Unit_Price, Name_No, Alternate_Description,Item_Sequence,GST_Code, GST_Price,Quantity_Loss,Quantity_Original, Nos) VALUES (1,'FST','FST/SI/010075',196803,'', CONVERT(DATETIME,'01-01-1900',103), 5766,'EA',1.00,'A',1.0000,0.0000,0.0000,0.0000,3.30000000,3.3000,0.0000,0.0000,0.0000,0.0000,0,0.0000,0,0.0000,0.0000,3.30,'9555112936552','',4.0000,2.2310,2.8000,0.0000,2.2310,0.0000, CONVERT(DATETIME,'11-08-2026 19:13:04 PM',103),0,'','','O',0.00,0.00,'N','','','EA',3.30000000,0,'',13,'',3.30000000,0.0000,1.0000,0)"
"8/11/2026 11:12:57 AM","sql_statement_completed","RMS",".Net SqlClient Data Provider","DESKTOP-T5HTV1I","vsnet2020","70","16780806","0.331000","1","SELECT a2.Plu_No FROM (SELECT a1.Company_Code, a1.Sku_No, a1.Uom, a1.Plu_No, a1.Added_Date FROM In_Stock_Plu a1 WHERE a1.Company_Code=1 AND EXISTS (SELECT Sku_NO, Uom, MAX(LEN(Plu_No)) FROM In_Stock_Plu WHERE Company_Code=a1.Company_Code AND Sku_No=a1.Sku_No AND Uom=a1.Uom  AND Status='A' GROUP BY Sku_No, Uom HAVING LEN(a1.Plu_No)=MAX(LEN(Plu_No)))) a2 INNER JOIN (SELECT a1.Company_Code, a1.Sku_No, a1.Uom, MAX(a1.Added_Date) as MaxDate FROM In_Stock_Plu a1 WHERE a1.Company_Code=1 AND EXISTS (SELECT Sku_NO, Uom, MAX(LEN(Plu_No)) FROM In_Stock_Plu WHERE Company_Code=a1.Company_Code AND Sku_No=a1.Sku_No AND Uom=a1.Uom  AND Status='A' GROUP BY Sku_No, Uom HAVING LEN(a1.Plu_No)=MAX(LEN(Plu_No))) GROUP BY a1.Company_Code, a1.Sku_No, a1.Uom) a3 on a2.Company_Code=a3.Company_Code and a2.sku_no=a3.sku_no and a2.Uom=a3.Uom and a2.added_date=a3.MaxDate WHERE a2.Company_Code=1 AND a2.Sku_No=5766 AND a2.Uom='EA'"
"8/11/2026 11:12:57 AM","sql_statement_completed","RMS",".Net SqlClient Data Provider","DESKTOP-T5HTV1I","vsnet2020","70","16780806","0.009000","1","UPDATE PI_Counter SET Counter_No = Counter_No + 1 WHERE Counter_Name = 'MP_ITEM_NO' AND Company_Code=1"
"8/11/2026 11:12:57 AM","sql_statement_completed","RMS",".Net SqlClient Data Provider","DESKTOP-T5HTV1I","vsnet2020","70","16780806","0.009000","1","Select Location_Code From In_Stock_Location  WHERE Sku_No = 5766 AND Company_Code=1 AND Location_Code='FST'"
"8/11/2026 11:12:57 AM","sql_statement_completed","RMS",".Net SqlClient Data Provider","DESKTOP-T5HTV1I","vsnet2020","70","16780806","0.007000","1","SELECT Counter_No FROM PI_Counter WHERE Counter_Name = 'MP_ITEM_NO' AND Company_Code=1"
"8/11/2026 11:12:57 AM","sql_batch_completed","RMS",".Net SqlClient Data Provider","DESKTOP-T5HTV1I","vsnet2020","70","16780806","0.011000","1","SELECT Counter_No FROM PI_Counter WHERE Counter_Name = 'MP_ITEM_NO' AND Company_Code=1"
"8/11/2026 11:12:57 AM","sql_batch_completed","RMS",".Net SqlClient Data Provider","DESKTOP-T5HTV1I","vsnet2020","70","16780806","5.725000","1"," SELECT a2.Plu_No FROM (SELECT a1.Company_Code, a1.Sku_No, a1.Uom, a1.Plu_No, a1.Added_Date FROM In_Stock_Plu a1 WHERE a1.Company_Code=1 AND EXISTS (SELECT Sku_NO, Uom, MAX(LEN(Plu_No)) FROM In_Stock_Plu WHERE Company_Code=a1.Company_Code AND Sku_No=a1.Sku_No AND Uom=a1.Uom  AND Status='A' GROUP BY Sku_No, Uom HAVING LEN(a1.Plu_No)=MAX(LEN(Plu_No)))) a2 INNER JOIN (SELECT a1.Company_Code, a1.Sku_No, a1.Uom, MAX(a1.Added_Date) as MaxDate FROM In_Stock_Plu a1 WHERE a1.Company_Code=1 AND EXISTS (SELECT Sku_NO, Uom, MAX(LEN(Plu_No)) FROM In_Stock_Plu WHERE Company_Code=a1.Company_Code AND Sku_No=a1.Sku_No AND Uom=a1.Uom  AND Status='A' GROUP BY Sku_No, Uom HAVING LEN(a1.Plu_No)=MAX(LEN(Plu_No))) GROUP BY a1.Company_Code, a1.Sku_No, a1.Uom) a3 on a2.Company_Code=a3.Company_Code and a2.sku_no=a3.sku_no and a2.Uom=a3.Uom and a2.added_date=a3.MaxDate WHERE a2.Company_Code=1 AND a2.Sku_No=5765 AND a2.Uom='EA'"
"8/11/2026 11:12:57 AM","sql_statement_completed","RMS",".Net SqlClient Data Provider","DESKTOP-T5HTV1I","vsnet2020","70","16780806","0.071000","1","SELECT a2.Plu_No FROM (SELECT a1.Company_Code, a1.Sku_No, a1.Uom, a1.Plu_No, a1.Added_Date FROM In_Stock_Plu a1 WHERE a1.Company_Code=1 AND EXISTS (SELECT Sku_NO, Uom, MAX(LEN(Plu_No)) FROM In_Stock_Plu WHERE Company_Code=a1.Company_Code AND Sku_No=a1.Sku_No AND Uom=a1.Uom  AND Status='A' GROUP BY Sku_No, Uom HAVING LEN(a1.Plu_No)=MAX(LEN(Plu_No)))) a2 INNER JOIN (SELECT a1.Company_Code, a1.Sku_No, a1.Uom, MAX(a1.Added_Date) as MaxDate FROM In_Stock_Plu a1 WHERE a1.Company_Code=1 AND EXISTS (SELECT Sku_NO, Uom, MAX(LEN(Plu_No)) FROM In_Stock_Plu WHERE Company_Code=a1.Company_Code AND Sku_No=a1.Sku_No AND Uom=a1.Uom  AND Status='A' GROUP BY Sku_No, Uom HAVING LEN(a1.Plu_No)=MAX(LEN(Plu_No))) GROUP BY a1.Company_Code, a1.Sku_No, a1.Uom) a3 on a2.Company_Code=a3.Company_Code and a2.sku_no=a3.sku_no and a2.Uom=a3.Uom and a2.added_date=a3.MaxDate WHERE a2.Company_Code=1 AND a2.Sku_No=5765 AND a2.Uom='EA'"
"8/11/2026 11:12:57 AM","sql_statement_completed","RMS",".Net SqlClient Data Provider","DESKTOP-T5HTV1I","vsnet2020","70","16780806","0.014000","1","UPDATE In_Stock SET Qty_On_Trading = Qty_On_Trading + 1.000000, Last_Modified_By = 1, LastWriteTimeStamp = GETDATE()  WHERE Company_Code = 1 AND Sku_No = 5765"
"8/11/2026 11:12:57 AM","sql_statement_completed","RMS",".Net SqlClient Data Provider","DESKTOP-T5HTV1I","vsnet2020","70","16780806","0.019000","1","INSERT INTO MP_Invoice_Item (Company_Code, Location_Code, Invoice_PreLabel, Sequence_No, DO_Prelabel, Due_Date, Sku_No, Uom, Factor, Status, Quantity, Quantity_Loose, Foc, Foc_Loose, Unit_Price, Unit_Price_Basic, Unit_Discount_Rate1, Unit_Discount_Amount1, Unit_Discount_Rate2, Unit_Discount_Amount2, Unit_Discount_Rate, Unit_Discount_Amount, Gross_Amount, Tax_Rate, Tax_Amount, Net_Amount, Plu_No, Remark, Instant_Normal_Selling_Price, Average_Cost, Standard_Cost, Fifo_Cost, Last_Cost, Misc_Cost, Added_Date, Return_Qty, PI_Invoice_No, Source, Stock_Type, Company_Comm_Rate, Promoter_Comm_Rate, Open_Price, Project_Code, SY_Location_Code, CTN_Uom, CTN_Unit_Price, Name_No, Alternate_Description,Item_Sequence,GST_Code, GST_Price,Quantity_Loss,Quantity_Original, Nos) VALUES (1,'FST','FST/SI/010075',196804,'', CONVERT(DATETIME,'01-01-1900',103), 5765,'EA',1.00,'A',1.0000,0.0000,0.0000,0.0000,4.30000000,4.3000,0.0000,0.0000,0.0000,0.0000,0,0.0000,0,0.0000,0.0000,4.30,'9555112936545','',5.5000,2.9100,3.6000,0.0000,2.9100,0.0000, CONVERT(DATETIME,'11-08-2026 19:13:05 PM',103),0,'','','O',0.00,0.00,'N','','','EA',4.30000000,0,'',14,'',4.30000000,0.0000,1.0000,0)"
"8/11/2026 11:12:57 AM","sql_statement_completed","RMS",".Net SqlClient Data Provider","DESKTOP-T5HTV1I","vsnet2020","70","16780806","0.007000","1","SELECT Counter_No FROM PI_Counter WHERE Counter_Name = 'MP_ITEM_NO' AND Company_Code=1"
"8/11/2026 11:12:57 AM","sql_statement_completed","RMS",".Net SqlClient Data Provider","DESKTOP-T5HTV1I","vsnet2020","70","16780806","0.009000","1","UPDATE PI_Counter SET Counter_No = Counter_No + 1 WHERE Counter_Name = 'MP_ITEM_NO' AND Company_Code=1"
"8/11/2026 11:12:57 AM","sql_statement_completed","RMS",".Net SqlClient Data Provider","DESKTOP-T5HTV1I","vsnet2020","70","16780806","0.009000","1","Select Location_Code From In_Stock_Location  WHERE Sku_No = 5765 AND Company_Code=1 AND Location_Code='FST'"
"8/11/2026 11:12:57 AM","sql_statement_completed","RMS",".Net SqlClient Data Provider","DESKTOP-T5HTV1I","vsnet2020","70","16780806","0.009000","1","UPDATE In_Stock_Location SET Qty_On_Trading = Qty_On_Trading + 1.000000 WHERE Sku_No = 5765 AND Company_Code=1 AND Location_Code='FST'"
"8/11/2026 11:12:57 AM","sql_batch_completed","RMS",".Net SqlClient Data Provider","DESKTOP-T5HTV1I","vsnet2020","70","16780806","0.011000","1","SELECT Counter_No FROM PI_Counter WHERE Counter_Name = 'MP_ITEM_NO' AND Company_Code=1"
"8/11/2026 11:12:57 AM","sql_batch_completed","RMS",".Net SqlClient Data Provider","DESKTOP-T5HTV1I","vsnet2020","70","16780806","0.013000","1","UPDATE PI_Counter SET Counter_No = Counter_No + 1 WHERE Counter_Name = 'MP_ITEM_NO' AND Company_Code=1"
"8/11/2026 11:12:57 AM","sql_batch_completed","RMS",".Net SqlClient Data Provider","DESKTOP-T5HTV1I","vsnet2020","70","16780806","0.033000","1","UPDATE In_Stock_Location SET Qty_On_Trading = Qty_On_Trading + 1.000000 WHERE Sku_No = 5765 AND Company_Code=1 AND Location_Code='FST'"
"8/11/2026 11:12:57 AM","sql_batch_completed","RMS",".Net SqlClient Data Provider","DESKTOP-T5HTV1I","vsnet2020","70","16780806","0.036000","1","Select Location_Code From In_Stock_Location  WHERE Sku_No = 5765 AND Company_Code=1 AND Location_Code='FST'"
"8/11/2026 11:12:57 AM","sql_batch_completed","RMS",".Net SqlClient Data Provider","DESKTOP-T5HTV1I","vsnet2020","70","16780806","0.047000","1","UPDATE In_Stock SET Qty_On_Trading = Qty_On_Trading + 1.000000, Last_Modified_By = 1, LastWriteTimeStamp = GETDATE()  WHERE Company_Code = 1 AND Sku_No = 5765"
"8/11/2026 11:12:57 AM","sql_batch_completed","RMS",".Net SqlClient Data Provider","DESKTOP-T5HTV1I","vsnet2020","70","16780806","0.099000","1","INSERT INTO MP_Invoice_Item (Company_Code, Location_Code, Invoice_PreLabel, Sequence_No, DO_Prelabel, Due_Date, Sku_No, Uom, Factor, Status, Quantity, Quantity_Loose, Foc, Foc_Loose, Unit_Price, Unit_Price_Basic, Unit_Discount_Rate1, Unit_Discount_Amount1, Unit_Discount_Rate2, Unit_Discount_Amount2, Unit_Discount_Rate, Unit_Discount_Amount, Gross_Amount, Tax_Rate, Tax_Amount, Net_Amount, Plu_No, Remark, Instant_Normal_Selling_Price, Average_Cost, Standard_Cost, Fifo_Cost, Last_Cost, Misc_Cost, Added_Date, Return_Qty, PI_Invoice_No, Source, Stock_Type, Company_Comm_Rate, Promoter_Comm_Rate, Open_Price, Project_Code, SY_Location_Code, CTN_Uom, CTN_Unit_Price, Name_No, Alternate_Description,Item_Sequence,GST_Code, GST_Price,Quantity_Loss,Quantity_Original, Nos) VALUES (1,'FST','FST/SI/010075',196804,'', CONVERT(DATETIME,'01-01-1900',103), 5765,'EA',1.00,'A',1.0000,0.0000,0.0000,0.0000,4.30000000,4.3000,0.0000,0.0000,0.0000,0.0000,0,0.0000,0,0.0000,0.0000,4.30,'9555112936545','',5.5000,2.9100,3.6000,0.0000,2.9100,0.0000, CONVERT(DATETIME,'11-08-2026 19:13:05 PM',103),0,'','','O',0.00,0.00,'N','','','EA',4.30000000,0,'',14,'',4.30000000,0.0000,1.0000,0)"
"8/11/2026 11:12:57 AM","sql_batch_completed","RMS",".Net SqlClient Data Provider","DESKTOP-T5HTV1I","vsnet2020","70","16780806","0.103000","1","INSERT INTO MP_Invoice_Item (Company_Code, Location_Code, Invoice_PreLabel, Sequence_No, DO_Prelabel, Due_Date, Sku_No, Uom, Factor, Status, Quantity, Quantity_Loose, Foc, Foc_Loose, Unit_Price, Unit_Price_Basic, Unit_Discount_Rate1, Unit_Discount_Amount1, Unit_Discount_Rate2, Unit_Discount_Amount2, Unit_Discount_Rate, Unit_Discount_Amount, Gross_Amount, Tax_Rate, Tax_Amount, Net_Amount, Plu_No, Remark, Instant_Normal_Selling_Price, Average_Cost, Standard_Cost, Fifo_Cost, Last_Cost, Misc_Cost, Added_Date, Return_Qty, PI_Invoice_No, Source, Stock_Type, Company_Comm_Rate, Promoter_Comm_Rate, Open_Price, Project_Code, SY_Location_Code, CTN_Uom, CTN_Unit_Price, Name_No, Alternate_Description,Item_Sequence,GST_Code, GST_Price,Quantity_Loss,Quantity_Original, Nos) VALUES (1,'FST','FST/SI/010075',196805,'', CONVERT(DATETIME,'01-01-1900',103), 5150,'EA',1.00,'A',1.0000,0.0000,0.0000,0.0000,3.90000000,3.9000,0.0000,0.0000,0.0000,0.0000,0,0.0000,0,0.0000,0.0000,3.90,'9555532001656','',6.0000,2.5000,3.5000,0.0000,2.5000,0.0000, CONVERT(DATETIME,'11-08-2026 19:13:06 PM',103),0,'','','O',0.00,0.00,'N','','','EA',3.90000000,0,'',15,'',3.90000000,0.0000,1.0000,0)"
"8/11/2026 11:12:57 AM","sql_batch_completed","RMS",".Net SqlClient Data Provider","DESKTOP-T5HTV1I","vsnet2020","70","16780806","4.980000","1"," SELECT a2.Plu_No FROM (SELECT a1.Company_Code, a1.Sku_No, a1.Uom, a1.Plu_No, a1.Added_Date FROM In_Stock_Plu a1 WHERE a1.Company_Code=1 AND EXISTS (SELECT Sku_NO, Uom, MAX(LEN(Plu_No)) FROM In_Stock_Plu WHERE Company_Code=a1.Company_Code AND Sku_No=a1.Sku_No AND Uom=a1.Uom  AND Status='A' GROUP BY Sku_No, Uom HAVING LEN(a1.Plu_No)=MAX(LEN(Plu_No)))) a2 INNER JOIN (SELECT a1.Company_Code, a1.Sku_No, a1.Uom, MAX(a1.Added_Date) as MaxDate FROM In_Stock_Plu a1 WHERE a1.Company_Code=1 AND EXISTS (SELECT Sku_NO, Uom, MAX(LEN(Plu_No)) FROM In_Stock_Plu WHERE Company_Code=a1.Company_Code AND Sku_No=a1.Sku_No AND Uom=a1.Uom  AND Status='A' GROUP BY Sku_No, Uom HAVING LEN(a1.Plu_No)=MAX(LEN(Plu_No))) GROUP BY a1.Company_Code, a1.Sku_No, a1.Uom) a3 on a2.Company_Code=a3.Company_Code and a2.sku_no=a3.sku_no and a2.Uom=a3.Uom and a2.added_date=a3.MaxDate WHERE a2.Company_Code=1 AND a2.Sku_No=5150 AND a2.Uom='EA'"
"8/11/2026 11:12:57 AM","sql_batch_completed","RMS",".Net SqlClient Data Provider","DESKTOP-T5HTV1I","vsnet2020","70","16780806","0.051000","1","UPDATE In_Stock SET Qty_On_Trading = Qty_On_Trading + 1.000000, Last_Modified_By = 1, LastWriteTimeStamp = GETDATE()  WHERE Company_Code = 1 AND Sku_No = 5150"
"8/11/2026 11:12:57 AM","sql_statement_completed","RMS",".Net SqlClient Data Provider","DESKTOP-T5HTV1I","vsnet2020","70","16780806","0.015000","1","UPDATE In_Stock SET Qty_On_Trading = Qty_On_Trading + 1.000000, Last_Modified_By = 1, LastWriteTimeStamp = GETDATE()  WHERE Company_Code = 1 AND Sku_No = 5150"
"8/11/2026 11:12:57 AM","sql_statement_completed","RMS",".Net SqlClient Data Provider","DESKTOP-T5HTV1I","vsnet2020","70","16780806","0.019000","1","INSERT INTO MP_Invoice_Item (Company_Code, Location_Code, Invoice_PreLabel, Sequence_No, DO_Prelabel, Due_Date, Sku_No, Uom, Factor, Status, Quantity, Quantity_Loose, Foc, Foc_Loose, Unit_Price, Unit_Price_Basic, Unit_Discount_Rate1, Unit_Discount_Amount1, Unit_Discount_Rate2, Unit_Discount_Amount2, Unit_Discount_Rate, Unit_Discount_Amount, Gross_Amount, Tax_Rate, Tax_Amount, Net_Amount, Plu_No, Remark, Instant_Normal_Selling_Price, Average_Cost, Standard_Cost, Fifo_Cost, Last_Cost, Misc_Cost, Added_Date, Return_Qty, PI_Invoice_No, Source, Stock_Type, Company_Comm_Rate, Promoter_Comm_Rate, Open_Price, Project_Code, SY_Location_Code, CTN_Uom, CTN_Unit_Price, Name_No, Alternate_Description,Item_Sequence,GST_Code, GST_Price,Quantity_Loss,Quantity_Original, Nos) VALUES (1,'FST','FST/SI/010075',196805,'', CONVERT(DATETIME,'01-01-1900',103), 5150,'EA',1.00,'A',1.0000,0.0000,0.0000,0.0000,3.90000000,3.9000,0.0000,0.0000,0.0000,0.0000,0,0.0000,0,0.0000,0.0000,3.90,'9555532001656','',6.0000,2.5000,3.5000,0.0000,2.5000,0.0000, CONVERT(DATETIME,'11-08-2026 19:13:06 PM',103),0,'','','O',0.00,0.00,'N','','','EA',3.90000000,0,'',15,'',3.90000000,0.0000,1.0000,0)"
"8/11/2026 11:12:57 AM","sql_statement_completed","RMS",".Net SqlClient Data Provider","DESKTOP-T5HTV1I","vsnet2020","70","16780806","0.730000","1","SELECT a2.Plu_No FROM (SELECT a1.Company_Code, a1.Sku_No, a1.Uom, a1.Plu_No, a1.Added_Date FROM In_Stock_Plu a1 WHERE a1.Company_Code=1 AND EXISTS (SELECT Sku_NO, Uom, MAX(LEN(Plu_No)) FROM In_Stock_Plu WHERE Company_Code=a1.Company_Code AND Sku_No=a1.Sku_No AND Uom=a1.Uom  AND Status='A' GROUP BY Sku_No, Uom HAVING LEN(a1.Plu_No)=MAX(LEN(Plu_No)))) a2 INNER JOIN (SELECT a1.Company_Code, a1.Sku_No, a1.Uom, MAX(a1.Added_Date) as MaxDate FROM In_Stock_Plu a1 WHERE a1.Company_Code=1 AND EXISTS (SELECT Sku_NO, Uom, MAX(LEN(Plu_No)) FROM In_Stock_Plu WHERE Company_Code=a1.Company_Code AND Sku_No=a1.Sku_No AND Uom=a1.Uom  AND Status='A' GROUP BY Sku_No, Uom HAVING LEN(a1.Plu_No)=MAX(LEN(Plu_No))) GROUP BY a1.Company_Code, a1.Sku_No, a1.Uom) a3 on a2.Company_Code=a3.Company_Code and a2.sku_no=a3.sku_no and a2.Uom=a3.Uom and a2.added_date=a3.MaxDate WHERE a2.Company_Code=1 AND a2.Sku_No=5150 AND a2.Uom='EA'"
"8/11/2026 11:12:57 AM","sql_statement_completed","RMS",".Net SqlClient Data Provider","DESKTOP-T5HTV1I","vsnet2020","70","16780806","0.014000","1","UPDATE In_Stock_Location SET Qty_On_Trading = Qty_On_Trading + 1.000000 WHERE Sku_No = 5150 AND Company_Code=1 AND Location_Code='FST'"
"8/11/2026 11:12:57 AM","sql_statement_completed","RMS",".Net SqlClient Data Provider","DESKTOP-T5HTV1I","vsnet2020","70","16780806","0.039000","1","Select Location_Code From In_Stock_Location  WHERE Sku_No = 5150 AND Company_Code=1 AND Location_Code='FST'"
"8/11/2026 11:12:57 AM","sql_batch_completed","RMS",".Net SqlClient Data Provider","DESKTOP-T5HTV1I","vsnet2020","70","16780806","0.396000","1","Select Location_Code From In_Stock_Location  WHERE Sku_No = 5150 AND Company_Code=1 AND Location_Code='FST'"
"8/11/2026 11:12:57 AM","sql_batch_completed","RMS",".Net SqlClient Data Provider","DESKTOP-T5HTV1I","vsnet2020","70","16780806","0.056000","1","UPDATE In_Stock_Location SET Qty_On_Trading = Qty_On_Trading + 1.000000 WHERE Sku_No = 5150 AND Company_Code=1 AND Location_Code='FST'"
"8/11/2026 11:12:57 AM","sql_batch_completed","RMS",".Net SqlClient Data Provider","DESKTOP-T5HTV1I","vsnet2020","70","16780806","5.230000","0"," Update In_Stock set  Nos=ISNULL(Nos,0)+ (a.TotalQty*-1)  From In_Stock a1 Inner Join  (  Select a.Company_Code,b.Sku_No,sum(b.Nos) as TotalQty  From MP_Invoice a  Inner Join MP_Invoice_Item b  ON (a.Company_Code=b.Company_Code AND a.Invoice_Prelabel=b.Invoice_Prelabel)  Where b.Nos<>0 AND a.Invoice_Prelabel='FST/SI/010075' AND a.Company_Code=1 Group By a.Company_Code,b.Sku_No  ) as a ON (a1.Company_Code=a.Company_Code AND a1.sku_no=a.sku_No) 
 Update In_Stock_Location set  Nos=ISNULL(Nos,0)+ (a.TotalQty*-1)  From In_Stock_Location a1 Inner Join  (  Select a.Company_Code, b.Location_Code, b.Sku_No, sum(b.Nos) as TotalQty  From MP_Invoice a  Inner Join MP_Invoice_Item b  ON (a.Company_Code=b.Company_Code AND a.Invoice_Prelabel=b.Invoice_Prelabel)  Where b.Nos<>0 AND a.Invoice_Prelabel='FST/SI/010075' AND a.Company_Code=1 Group By a.Company_Code,b.Location_Code,b.Sku_No  ) as a ON (a1.Company_Code=a.Company_Code AND a1.sku_no=a.sku_No AND a1.Location_Code=a.Location_Code) "
"8/11/2026 11:12:57 AM","sql_statement_completed","RMS",".Net SqlClient Data Provider","DESKTOP-T5HTV1I","vsnet2020","70","16780806","0.112000","0","Update In_Stock set  Nos=ISNULL(Nos,0)+ (a.TotalQty*-1)  From In_Stock a1 Inner Join  (  Select a.Company_Code,b.Sku_No,sum(b.Nos) as TotalQty  From MP_Invoice a  Inner Join MP_Invoice_Item b  ON (a.Company_Code=b.Company_Code AND a.Invoice_Prelabel=b.Invoice_Prelabel)  Where b.Nos<>0 AND a.Invoice_Prelabel='FST/SI/010075' AND a.Company_Code=1 Group By a.Company_Code,b.Sku_No  ) as a ON (a1.Company_Code=a.Company_Code AND a1.sku_no=a.sku_No)"
"8/11/2026 11:12:57 AM","sql_statement_completed","RMS",".Net SqlClient Data Provider","DESKTOP-T5HTV1I","vsnet2020","70","16780806","0.047000","0","Update In_Stock_Location set  Nos=ISNULL(Nos,0)+ (a.TotalQty*-1)  From In_Stock_Location a1 Inner Join  (  Select a.Company_Code, b.Location_Code, b.Sku_No, sum(b.Nos) as TotalQty  From MP_Invoice a  Inner Join MP_Invoice_Item b  ON (a.Company_Code=b.Company_Code AND a.Invoice_Prelabel=b.Invoice_Prelabel)  Where b.Nos<>0 AND a.Invoice_Prelabel='FST/SI/010075' AND a.Company_Code=1 Group By a.Company_Code,b.Location_Code,b.Sku_No  ) as a ON (a1.Company_Code=a.Company_Code AND a1.sku_no=a.sku_No AND a1.Location_Code=a.Location_Code)"
"8/11/2026 11:12:57 AM","sql_statement_completed","RMS",".Net SqlClient Data Provider","DESKTOP-T5HTV1I","vsnet2020","70","16780806","0.029000","1","UPDATE PI_Company_Location SET SI_Running_No = ISNULL(SI_Running_No,0) + 1 WHERE Company_Code=1 AND Location_Code = 'FST'"
"8/11/2026 11:12:57 AM","sql_batch_completed","RMS",".Net SqlClient Data Provider","DESKTOP-T5HTV1I","vsnet2020","70","16780806","2.490000","1","UPDATE PI_Company_Location SET SI_Running_No = ISNULL(SI_Running_No,0) + 1 WHERE Company_Code=1 AND Location_Code = 'FST'"
"8/11/2026 11:12:57 AM","rpc_completed","RMS",".Net SqlClient Data Provider","DESKTOP-T5HTV1I","vsnet2020","70","0","0.004000","0","exec sp_reset_connection"
"8/11/2026 11:12:57 AM","sql_batch_completed","RMS",".Net SqlClient Data Provider","DESKTOP-T5HTV1I","vsnet2020","70","0","0.700000","1","Select ISNULL(SI_DL_Web_Status,'') From PI_Company Where Company_Code=1"
"8/11/2026 11:12:57 AM","sql_statement_completed","RMS",".Net SqlClient Data Provider","DESKTOP-T5HTV1I","vsnet2020","70","16780999","0.019000","1","Select ISNULL(SI_DL_Web_Status,'') From PI_Company Where Company_Code=1"
